InvoiceID,InvoiceLineID,StockItemID,PromotionLineID,Quantity,UnitOfMeasureCode,UomConversionFactor,UnitPrice,LineDiscountAmount,FreightAllocatedAmount,UnitCost,TaxAmount,TaxRate,GstFreeFlag,SourceRowVersion,BatchId,SourceSystemCode
INV-NA-1001,1,S100,,10,EA,1,25.00,5.00,3.50,12.00,21.25,8.5,0,1,1,WWI_OLTP
INV-NA-1002,1,S100,,2,EA,1,40.00,0,0,20.00,5.20,6.5,0,1,1,WWI_OLTP
INV-NA-1003,1,S100,,,EA,1,25.00,0,0,12.00,0,8.5,0,1,1,WWI_OLTP
INV-NA-1004,1,S100,,1,EA,1,abc,0,0,12.00,0,8.5,0,1,1,WWI_OLTP
INV-NA-1005,1,,,1,EA,1,25.00,0,0,12.00,2.13,8.5,0,1,1,WWI_OLTP
INV-NA-1006,1,S999,,1,EA,1,25.00,0,0,12.00,2.13,8.5,0,1,1,WWI_OLTP
INV-NA-1007,1,S100,,1,EA,1,25.00,0,0,12.00,2.13,8.5,0,1,1,WWI_OLTP
INV-NA-1008,1,S100,,1,EA,1,25.00,0,0,12.00,2.13,8.5,0,5,1,WWI_OLTP
INV-NA-1008,1,S100,,2,EA,1,25.00,0,0,12.00,4.25,8.5,0,7,1,WWI_OLTP
INV-NA-1009,1,S100,,10,EA,1,10.00,0,0,5.00,9.00,8.5,0,1,1,WWI_OLTP
INV-NA-1010,1,S100,,1,EA,1,25.00,0,0,12.00,2.13,8.5,0,1,1,WWI_OLTP
INV-EU-2001,1,S200,,4,EA,1,100.00,0,0,60.00,80.00,20,0,1,1,WWI_OLTP
INV-EU-2001,2,S200,,4,EA,1,100.00,40.00,0,60.00,80.00,20,0,1,1,WWI_OLTP
INV-EU-2002,1,S200,,2,EA,1,50.00,0,0,30.00,0,20,0,1,1,WWI_OLTP
INV-EU-2003,1,S200,,2,EA,1,50.00,0,0,30.00,20.00,20,0,1,1,WWI_OLTP
INV-APAC-3001,1,S300,P1,3,EA,1,200.00,0,0,120.00,60.00,10,0,1,1,WWI_OLTP
INV-APAC-3001,2,S300,,1,EA,1,30.00,0,0,10.00,0,0,1,1,1,WWI_OLTP
INV-APAC-3002,1,S300,,1,CS,12,10.00,0,0,4.00,1.00,10,0,1,1,WWI_OLTP
INV-XX-9001,1,S100,,1,EA,1,25.00,0,0,12.00,2.13,8.5,0,1,1,WWI_OLTP
INV-NA-1001,1,S100,,12,EA,1,25.00,5.00,3.50,12.00,25.50,8.5,0,9,2,WWI_OLTP
INV-EU-2001,1,S200,,4,EA,1,100.00,0,0,60.00,80.00,20,0,3,2,WWI_OLTP
INV-NA-1011,1,S100,,1,EA,1,25.00,0,0,12.00,2.13,8.5,0,1,2,WWI_OLTP
INV-NA-1001,1,S100,,10,EA,1,25.00,5.00,3.50,12.00,21.25,8.5,0,11,3,WWI_OLTP
