InvoiceID,OrderID,InvoiceDate,ConfirmedDeliveryTime,CustomerID,BillToCustomerID,SalespersonPersonID,DeliveryCityCode,SalesChannelCode,RegionCode,CurrencyCode,TaxRegimeCode,CustomerVatNumber,InvoiceStatusCode,BatchId,SourceSystemCode
INV-NA-1001,ORD-1001,2026-03-10,2026-03-11,C100,,SP1,CITY-NA-1,WEB,NA,USD,US_SALES,,POSTED,1,WWI_OLTP
INV-NA-1002,ORD-1002,2026-03-10,2026-03-11,C100,C101,,CITY-NA-1,,NA,CAD,CA_SALES,,POSTED,1,WWI_OLTP
INV-NA-1003,ORD-1003,2026-03-10,2026-03-11,C100,,SP1,CITY-NA-1,WEB,NA,USD,US_SALES,,POSTED,1,WWI_OLTP
INV-NA-1004,ORD-1004,2026-03-10,2026-03-11,C100,,SP1,CITY-NA-1,WEB,NA,USD,US_SALES,,POSTED,1,WWI_OLTP
INV-NA-1005,ORD-1005,2026-03-10,2026-03-11,C100,,SP1,CITY-NA-1,WEB,NA,USD,US_SALES,,POSTED,1,WWI_OLTP
INV-NA-1006,ORD-1006,2026-03-10,2026-03-11,C100,,SP1,CITY-NA-1,WEB,NA,USD,US_SALES,,POSTED,1,WWI_OLTP
INV-NA-1007,ORD-1007,2026-03-10,2026-03-11,777,,SP1,CITY-NA-1,WEB,NA,USD,US_SALES,,POSTED,1,WWI_OLTP
INV-NA-1008,ORD-1008,2026-03-10,2026-03-11,C100,,SP1,CITY-NA-1,WEB,NA,USD,US_SALES,,POSTED,1,WWI_OLTP
INV-NA-1009,ORD-1009,2026-03-10,2026-03-11,C100,,SP1,CITY-NA-1,WEB,NA,USD,US_SALES,,POSTED,1,WWI_OLTP
INV-NA-1010,ORD-1010,2026-03-10,,C100,,SP1,CITY-NA-1,WEB,NA,USD,US_SALES,,DRAFT,1,WWI_OLTP
INV-EU-2001,ORD-2001,2026-03-10,2026-03-12,C200,,SP2,CITY-EU-1,DIRECT,EU,EUR,EU_STD,,POSTED,1,WWI_OLTP
INV-EU-2002,ORD-2002,2026-03-10,2026-03-12,C200,,SP2,CITY-EU-1,DIRECT,EU,EUR,EU_RC,DE123456789,POSTED,1,WWI_OLTP
INV-EU-2003,ORD-2003,2026-03-10,2026-03-12,C200,,SP2,CITY-EU-1,DIRECT,EU,EUR,EU_RC,FR987654321,POSTED,1,WWI_OLTP
INV-APAC-3001,ORD-3001,2026-03-10,2026-03-13,C300,,SP3,CITY-AP-1,DIRECT,APAC,AUD,AU_GST,,POSTED,1,WWI_OLTP
INV-APAC-3002,ORD-3002,2026-03-09,2026-03-12,C300,,SP3,CITY-AP-1,DIRECT,APAC,AUD,AU_GST,,POSTED,1,WWI_OLTP
INV-XX-9001,ORD-9001,2026-03-10,2026-03-11,C100,,SP1,CITY-NA-1,WEB,LATAM,USD,US_SALES,,POSTED,1,WWI_OLTP
INV-NA-1001,ORD-1001,2026-03-10,2026-03-11,C100,,SP1,CITY-NA-1,WEB,NA,USD,US_SALES,,POSTED,2,WWI_OLTP
INV-EU-2001,ORD-2001,2026-03-10,2026-03-12,C200,,SP2,CITY-EU-1,DIRECT,EU,EUR,EU_STD,,POSTED,2,WWI_OLTP
INV-NA-1011,ORD-1011,2026-03-08,2026-03-09,C100,,SP1,CITY-NA-1,WEB,NA,USD,US_SALES,,POSTED,2,WWI_OLTP
INV-NA-1001,ORD-1001,2026-03-10,2026-03-11,C100,,SP1,CITY-NA-1,WEB,NA,USD,US_SALES,,POSTED,3,WWI_OLTP
