upstream_package,downstream_package,edge_type,criticality
AGG_Refresh_Customer360,C360_Publish_Segments,data:Aggregate.Customer 360,medium
AGG_Refresh_CustomerRolling12Month,C360_Build_ChurnFlags,data:Aggregate.Customer Rolling 12 Month,medium
C360_Build_CustomerProfile,C360_Publish_Segments,data:Aggregate.Customer 360,medium
C360_Build_LoyaltyOverlay,C360_Publish_Segments,data:Aggregate.Customer 360,medium
C360_Build_RollingMetrics,C360_Build_ChurnFlags,data:Aggregate.Customer Rolling 12 Month,medium
DIM_Rekey_LateArriving,AGG_Refresh_Customer360,data:Fact.*,medium
DIM_Rekey_LateArriving,AGG_Refresh_CustomerRolling12Month,data:Fact.*,medium
DIM_Rekey_LateArriving,AGG_Refresh_DailyInventoryHealth,data:Fact.*,medium
DIM_Rekey_LateArriving,AGG_Refresh_DailySalesSummary,data:Fact.*,medium
DIM_Rekey_LateArriving,AGG_Refresh_DeliveryPerformanceSummary,data:Fact.*,medium
DIM_Rekey_LateArriving,AGG_Refresh_FinanceCloseSummary,data:Fact.*,medium
DIM_Rekey_LateArriving,AGG_Refresh_MonthlyMarginAnalysis,data:Fact.*,medium
DIM_Rekey_LateArriving,AGG_Refresh_MonthlySalesSummary,data:Fact.*,medium
DIM_Rekey_LateArriving,AGG_Refresh_ProductPerformance,data:Fact.*,medium
DIM_Rekey_LateArriving,AGG_Refresh_PromotionEffectiveness,data:Fact.*,medium
DIM_Rekey_LateArriving,AGG_Refresh_RegionalSalesPerformance,data:Fact.*,medium
DIM_Rekey_LateArriving,AGG_Refresh_SupplierPerformance,data:Fact.*,medium
DQ_Referential_Screen,DQ_Reject_Reprocess,data:err.RejectedLookupFailure,high
DQ_Reject_Reprocess,DQ_OrderLine_Screen,data:stg.OrderLine,high
DQ_Reject_Reprocess,DQ_Referential_Screen,data:stg.OrderLine,high
ERR_Handle_PackageFailure,ERR_Notify_Operations,data:etl.ErrorLog,high
ERR_Handle_PackageFailure,ERR_Quarantine_BadFiles,data:etl.ErrorLog,high
ERR_Handle_PackageFailure,ERR_Reconcile_RowCounts,data:etl.ErrorLog,high
ERR_Handle_PackageFailure,ERR_Retry_FailedSteps,data:etl.ErrorLog,high
ERR_Handle_PackageFailure,ERR_Route_RejectedRows,data:etl.ErrorLog,high
ERR_Notify_Operations,ERR_Handle_PackageFailure,data:etl.ErrorLog,high
ERR_Notify_Operations,ERR_Quarantine_BadFiles,data:etl.ErrorLog,high
ERR_Notify_Operations,ERR_Reconcile_RowCounts,data:etl.ErrorLog,high
ERR_Notify_Operations,ERR_Retry_FailedSteps,data:etl.ErrorLog,high
ERR_Notify_Operations,ERR_Route_RejectedRows,data:etl.ErrorLog,high
ERR_Quarantine_BadFiles,ERR_Handle_PackageFailure,data:etl.ErrorLog,high
ERR_Quarantine_BadFiles,ERR_Notify_Operations,data:etl.ErrorLog,high
ERR_Quarantine_BadFiles,ERR_Reconcile_RowCounts,data:etl.ErrorLog,high
ERR_Quarantine_BadFiles,ERR_Retry_FailedSteps,data:etl.ErrorLog,high
ERR_Quarantine_BadFiles,ERR_Route_RejectedRows,data:etl.ErrorLog,high
ERR_Reconcile_RowCounts,ERR_Handle_PackageFailure,data:etl.ErrorLog,high
ERR_Reconcile_RowCounts,ERR_Notify_Operations,data:etl.ErrorLog,high
ERR_Reconcile_RowCounts,ERR_Quarantine_BadFiles,data:etl.ErrorLog,high
ERR_Reconcile_RowCounts,ERR_Retry_FailedSteps,data:etl.ErrorLog,high
ERR_Reconcile_RowCounts,ERR_Route_RejectedRows,data:etl.ErrorLog,high
ERR_Retry_FailedSteps,ERR_Handle_PackageFailure,data:etl.ErrorLog,high
ERR_Retry_FailedSteps,ERR_Notify_Operations,data:etl.ErrorLog,high
ERR_Retry_FailedSteps,ERR_Quarantine_BadFiles,data:etl.ErrorLog,high
ERR_Retry_FailedSteps,ERR_Reconcile_RowCounts,data:etl.ErrorLog,high
ERR_Retry_FailedSteps,ERR_Route_RejectedRows,data:etl.ErrorLog,high
ERR_Route_RejectedRows,ERR_Handle_PackageFailure,data:etl.ErrorLog,high
ERR_Route_RejectedRows,ERR_Notify_Operations,data:etl.ErrorLog,high
ERR_Route_RejectedRows,ERR_Quarantine_BadFiles,data:etl.ErrorLog,high
ERR_Route_RejectedRows,ERR_Reconcile_RowCounts,data:etl.ErrorLog,high
ERR_Route_RejectedRows,ERR_Retry_FailedSteps,data:etl.ErrorLog,high
EXT_ORA_ApAging,STG_Load_ApInvoice,data:raw.OracleApInvoiceHdr,high
EXT_ORA_ApInvoiceHdr,STG_Load_ApInvoice,data:raw.OracleApInvoiceHdr,high
EXT_ORA_ApInvoiceLine,STG_Load_ApInvoice,data:raw.OracleApInvoiceLine,high
EXT_ORA_ApPayment,STG_Load_Payment,data:raw.OracleApPayment,high
EXT_ORA_ApPaymentApply,STG_Load_Payment,data:raw.OracleApPayment,high
EXT_ORA_CodeTranslation,STG_Load_Customer,data:raw.OracleCustomerMaster,medium
EXT_ORA_CostCenter,STG_Load_CostCenter,data:raw.OracleCostCenter,medium
EXT_ORA_Currency,STG_Load_Currency,data:raw.OracleCurrency,medium
EXT_ORA_CustomerAddress,STG_Load_CustomerAddress,data:raw.OracleCustomerAddress,medium
EXT_ORA_CustomerMaster,STG_Load_Customer,data:raw.OracleCustomerMaster,medium
EXT_ORA_FxRateDaily,STG_Load_Currency,data:raw.OracleFxRate,medium
EXT_ORA_Geography,STG_Load_Geography,data:raw.OracleGeography,medium
EXT_ORA_GlJournalLine,STG_Load_GlJournal,data:raw.OracleGlJournalLine,high
EXT_ORA_PaymentTerms,STG_Load_TaxAndTerms,data:raw.OraclePaymentTerms,medium
EXT_ORA_ProductHierarchy,STG_Load_Product,data:raw.OracleProductMaster,medium
EXT_ORA_ProductMaster,STG_Load_Product,data:raw.OracleProductMaster,medium
EXT_ORA_PurchaseOrderHdr,STG_Load_PurchaseOrder,data:raw.OraclePurchaseOrderHdr,high
EXT_ORA_PurchaseOrderLine,STG_Load_PurchaseOrder,data:raw.OraclePurchaseOrderLine,high
EXT_ORA_SupplierMaster,STG_Load_Supplier,data:raw.OracleSupplierMaster,medium
EXT_ORA_TaxRate,STG_Load_TaxAndTerms,data:raw.OracleTaxRate,medium
EXT_ORA_VendorContract,STG_Load_VendorContract,data:raw.OracleVendorContract,medium
EXT_SQL_Cities,STG_Load_Geography,data:raw.OracleGeography,medium
EXT_SQL_CreditNotes,STG_Load_ReturnAndCredit,data:raw.SqlCreditNote,high
EXT_SQL_CustomerSegments,STG_Load_Employee,data:raw.SqlOrder,medium
EXT_SQL_CustomerSegments,STG_Load_Order,data:raw.SqlOrder,high
EXT_SQL_CustomerSegments,STG_Load_PromotionAndTerritory,data:raw.SqlOrder,medium
EXT_SQL_CustomerTransactions,STG_Load_Sale,data:raw.SqlInvoice,high
EXT_SQL_InvoiceLines,STG_Load_Sale,data:raw.SqlInvoiceLine,high
EXT_SQL_Invoices,STG_Load_Sale,data:raw.SqlInvoice,high
EXT_SQL_LoyaltyLedger,STG_Load_LoyaltyLedger,data:raw.SqlLoyaltyLedger,high
EXT_SQL_OrderLines,STG_Load_Order,data:raw.SqlOrderLine,high
EXT_SQL_Orders,STG_Load_Employee,data:raw.SqlOrder,medium
EXT_SQL_Orders,STG_Load_Order,data:raw.SqlOrder,high
EXT_SQL_Orders,STG_Load_PromotionAndTerritory,data:raw.SqlOrder,medium
EXT_SQL_PaymentMethods,STG_Load_Sale,data:raw.SqlInvoice,high
EXT_SQL_People,STG_Load_Employee,data:raw.SqlOrder,medium
EXT_SQL_People,STG_Load_Order,data:raw.SqlOrder,high
EXT_SQL_People,STG_Load_PromotionAndTerritory,data:raw.SqlOrder,medium
EXT_SQL_Promotions,STG_Load_Employee,data:raw.SqlOrder,medium
EXT_SQL_Promotions,STG_Load_Order,data:raw.SqlOrder,high
EXT_SQL_Promotions,STG_Load_PromotionAndTerritory,data:raw.SqlOrder,medium
EXT_SQL_Returns,STG_Load_ReturnAndCredit,data:raw.SqlReturnLine,high
EXT_SQL_SalesTerritories,STG_Load_Employee,data:raw.SqlOrder,medium
EXT_SQL_SalesTerritories,STG_Load_Order,data:raw.SqlOrder,high
EXT_SQL_SalesTerritories,STG_Load_PromotionAndTerritory,data:raw.SqlOrder,medium
EXT_SQL_ShipmentLines,STG_Load_Shipment,data:raw.SqlShipmentLine,high
EXT_SQL_Shipments,STG_Load_Shipment,data:raw.SqlShipment,high
EXT_SQL_StockItems,STG_Load_StockItem,data:raw.SqlStockItem,medium
EXT_SQL_StockMovements,STG_Load_StockMovement,data:raw.SqlStockMovement,high
EXT_SQL_StockTransfers,STG_Load_StockMovement,data:raw.SqlStockMovement,high
EXT_SQL_SupplierTransactions,STG_Load_Sale,data:raw.SqlInvoice,high
EXT_SQL_TransactionTypes,STG_Load_Sale,data:raw.SqlInvoice,high
EXT_SQL_WebSessions,STG_Load_WebSession,data:raw.SqlWebSession,high
FACT_APAC_Load_Sale,C360_Build_CustomerProfile,data:Fact.Sale,medium
FACT_APAC_Load_Sale,C360_Build_RollingMetrics,data:Fact.Sale,medium
FACT_APAC_Load_Sale,FACT_Dedup_Sale,data:Fact.Sale,medium
FACT_APAC_Load_Sale,SLS_Export_PartnerFeed,data:Fact.Sale,medium
FACT_Apply_Corrections,C360_Build_CustomerProfile,data:Fact.Payment,medium
FACT_Apply_Corrections,C360_Build_CustomerProfile,data:Fact.Sale,medium
FACT_Apply_Corrections,C360_Build_RollingMetrics,data:Fact.Sale,medium
FACT_Apply_Corrections,FACT_Dedup_Sale,data:Fact.Sale,medium
FACT_Apply_Corrections,FIN_Reconcile_SubledgerToGl,data:Fact.Payment,high
FACT_Apply_Corrections,SLS_Export_PartnerFeed,data:Fact.Sale,medium
FACT_Dedup_Sale,C360_Build_CustomerProfile,data:Fact.Sale,medium
FACT_Dedup_Sale,C360_Build_RollingMetrics,data:Fact.Sale,medium
FACT_Dedup_Sale,SLS_Export_PartnerFeed,data:Fact.Sale,medium
FACT_EU_Load_Sale,C360_Build_CustomerProfile,data:Fact.Sale,medium
FACT_EU_Load_Sale,C360_Build_RollingMetrics,data:Fact.Sale,medium
FACT_EU_Load_Sale,FACT_Dedup_Sale,data:Fact.Sale,medium
FACT_EU_Load_Sale,SLS_Export_PartnerFeed,data:Fact.Sale,medium
FACT_Load_GLPosting,FIN_Reconcile_SubledgerToGl,data:Fact.GL Posting,high
FACT_Load_LoyaltyPoints,C360_Build_LoyaltyOverlay,data:Fact.Loyalty Points,medium
FACT_Load_Payment,C360_Build_CustomerProfile,data:Fact.Payment,medium
FACT_Load_Payment,FIN_Reconcile_SubledgerToGl,data:Fact.Payment,high
FACT_Load_StockHolding,INV_Reconcile_OnHand,data:Fact.Stock Holding,medium
FACT_Load_SupplierTransaction,PRC_Export_SupplierStatement,data:Fact.Supplier Transaction,medium
FACT_NA_Load_Sale,C360_Build_CustomerProfile,data:Fact.Sale,medium
FACT_NA_Load_Sale,C360_Build_RollingMetrics,data:Fact.Sale,medium
FACT_NA_Load_Sale,FACT_Dedup_Sale,data:Fact.Sale,medium
FACT_NA_Load_Sale,SLS_Export_PartnerFeed,data:Fact.Sale,medium
FIN_Currency_Revaluation,C360_Build_CustomerProfile,data:Fact.Payment,medium
FIN_Currency_Revaluation,FIN_Reconcile_SubledgerToGl,data:Fact.Payment,high
FIN_Load_ApAging,C360_Build_CustomerProfile,data:Fact.Payment,medium
FIN_Load_ApAging,FIN_Reconcile_SubledgerToGl,data:Fact.Payment,high
FIN_Load_GlPostings,FIN_Reconcile_SubledgerToGl,data:Fact.GL Posting,high
FIN_Load_WithholdingTax,C360_Build_CustomerProfile,data:Fact.Payment,medium
FIN_Load_WithholdingTax,FIN_Reconcile_SubledgerToGl,data:Fact.Payment,high
ING_FILE_PartnerSales_APAC,DQ_File_Screen,data:raw.FilePartnerSales,high
ING_FILE_PartnerSales_APAC,STG_Load_PartnerSale,data:raw.FilePartnerSales,high
ING_FILE_PartnerSales_EU,DQ_File_Screen,data:raw.FilePartnerSales,high
ING_FILE_PartnerSales_EU,STG_Load_PartnerSale,data:raw.FilePartnerSales,high
ING_FILE_PartnerSales_NA,DQ_File_Screen,data:raw.FilePartnerSales,high
ING_FILE_PartnerSales_NA,STG_Load_PartnerSale,data:raw.FilePartnerSales,high
MNT_Archive_ProcessedFiles,MNT_Check_DiskSpace,data:etl.*,low
MNT_Archive_ProcessedFiles,MNT_Purge_ControlHistory,data:etl.*,low
MNT_Archive_ProcessedFiles,MNT_Purge_StagingHistory,data:etl.*,low
MNT_Archive_ProcessedFiles,MNT_Rebuild_Indexes,data:etl.*,low
MNT_Archive_ProcessedFiles,MNT_Update_Statistics,data:etl.*,low
MNT_Archive_ProcessedFiles,MNT_Validate_Configuration,data:etl.*,low
MNT_Check_DiskSpace,MNT_Archive_ProcessedFiles,data:etl.*,low
MNT_Check_DiskSpace,MNT_Purge_ControlHistory,data:etl.*,low
MNT_Check_DiskSpace,MNT_Purge_StagingHistory,data:etl.*,low
MNT_Check_DiskSpace,MNT_Rebuild_Indexes,data:etl.*,low
MNT_Check_DiskSpace,MNT_Update_Statistics,data:etl.*,low
MNT_Check_DiskSpace,MNT_Validate_Configuration,data:etl.*,low
MNT_Purge_ControlHistory,MNT_Archive_ProcessedFiles,data:etl.*,low
MNT_Purge_ControlHistory,MNT_Check_DiskSpace,data:etl.*,low
MNT_Purge_ControlHistory,MNT_Purge_StagingHistory,data:etl.*,low
MNT_Purge_ControlHistory,MNT_Rebuild_Indexes,data:etl.*,low
MNT_Purge_ControlHistory,MNT_Update_Statistics,data:etl.*,low
MNT_Purge_ControlHistory,MNT_Validate_Configuration,data:etl.*,low
MNT_Purge_StagingHistory,MNT_Archive_ProcessedFiles,data:etl.*,low
MNT_Purge_StagingHistory,MNT_Check_DiskSpace,data:etl.*,low
MNT_Purge_StagingHistory,MNT_Purge_ControlHistory,data:etl.*,low
MNT_Purge_StagingHistory,MNT_Rebuild_Indexes,data:etl.*,low
MNT_Purge_StagingHistory,MNT_Update_Statistics,data:etl.*,low
MNT_Purge_StagingHistory,MNT_Validate_Configuration,data:etl.*,low
MNT_Rebuild_Indexes,MNT_Archive_ProcessedFiles,data:etl.*,low
MNT_Rebuild_Indexes,MNT_Check_DiskSpace,data:etl.*,low
MNT_Rebuild_Indexes,MNT_Purge_ControlHistory,data:etl.*,low
MNT_Rebuild_Indexes,MNT_Purge_StagingHistory,data:etl.*,low
MNT_Rebuild_Indexes,MNT_Update_Statistics,data:etl.*,low
MNT_Rebuild_Indexes,MNT_Validate_Configuration,data:etl.*,low
MNT_Update_Statistics,MNT_Archive_ProcessedFiles,data:etl.*,low
MNT_Update_Statistics,MNT_Check_DiskSpace,data:etl.*,low
MNT_Update_Statistics,MNT_Purge_ControlHistory,data:etl.*,low
MNT_Update_Statistics,MNT_Purge_StagingHistory,data:etl.*,low
MNT_Update_Statistics,MNT_Rebuild_Indexes,data:etl.*,low
MNT_Update_Statistics,MNT_Validate_Configuration,data:etl.*,low
MNT_Validate_Configuration,MNT_Archive_ProcessedFiles,data:etl.*,low
MNT_Validate_Configuration,MNT_Check_DiskSpace,data:etl.*,low
MNT_Validate_Configuration,MNT_Purge_ControlHistory,data:etl.*,low
MNT_Validate_Configuration,MNT_Purge_StagingHistory,data:etl.*,low
MNT_Validate_Configuration,MNT_Rebuild_Indexes,data:etl.*,low
MNT_Validate_Configuration,MNT_Update_Statistics,data:etl.*,low
Master_Daily_ETL,AGG_Publish_ReportingLayer,executes,high
Master_Daily_ETL,AGG_Refresh_DailyInventoryHealth,executes,medium
Master_Daily_ETL,AGG_Refresh_DailySalesSummary,executes,medium
Master_Daily_ETL,C360_Build_ChurnFlags,executes,medium
Master_Daily_ETL,C360_Build_CustomerProfile,executes,medium
Master_Daily_ETL,C360_Build_LoyaltyOverlay,executes,medium
Master_Daily_ETL,C360_Build_RollingMetrics,executes,medium
Master_Daily_ETL,C360_Publish_Segments,executes,medium
Master_Daily_ETL,DIM_APAC_Load_Customer,executes,high
Master_Daily_ETL,DIM_EU_Load_Customer,executes,high
Master_Daily_ETL,DIM_Load_City,executes,high
Master_Daily_ETL,DIM_Load_CustomerCategory,executes,medium
Master_Daily_ETL,DIM_Load_CustomerSegment,executes,high
Master_Daily_ETL,DIM_Load_Employee,executes,high
Master_Daily_ETL,DIM_Load_ProductCategory,executes,medium
Master_Daily_ETL,DIM_Load_Promotion,executes,high
Master_Daily_ETL,DIM_Load_SalesTerritory,executes,medium
Master_Daily_ETL,DIM_Load_Salesperson,executes,high
Master_Daily_ETL,DIM_Load_StockItem,executes,high
Master_Daily_ETL,DIM_Load_Supplier,executes,high
Master_Daily_ETL,DIM_Load_VendorContract,executes,high
Master_Daily_ETL,DIM_NA_Load_Customer,executes,high
Master_Daily_ETL,DIM_Rekey_LateArriving,executes,high
Master_Daily_ETL,DQ_Customer_Screen,executes,high
Master_Daily_ETL,DQ_File_Screen,executes,high
Master_Daily_ETL,DQ_InvoiceLine_Screen,executes,high
Master_Daily_ETL,DQ_OrderLine_Screen,executes,high
Master_Daily_ETL,DQ_Payment_Screen,executes,high
Master_Daily_ETL,DQ_Referential_Screen,executes,high
Master_Daily_ETL,DQ_Reject_Reprocess,executes,high
Master_Daily_ETL,DQ_Rule_Engine,executes,high
Master_Daily_ETL,DQ_Supplier_Screen,executes,high
Master_Daily_ETL,DQ_Threshold_Gate,executes,high
Master_Daily_ETL,ERR_Handle_PackageFailure,executes,high
Master_Daily_ETL,ERR_Notify_Operations,executes,high
Master_Daily_ETL,ERR_Quarantine_BadFiles,executes,high
Master_Daily_ETL,ERR_Reconcile_RowCounts,executes,high
Master_Daily_ETL,ERR_Retry_FailedSteps,executes,high
Master_Daily_ETL,ERR_Route_RejectedRows,executes,high
Master_Daily_ETL,EXT_ORA_ApAging,executes,medium
Master_Daily_ETL,EXT_ORA_ApInvoiceHdr,executes,high
Master_Daily_ETL,EXT_ORA_ApInvoiceLine,executes,high
Master_Daily_ETL,EXT_ORA_ApPayment,executes,high
Master_Daily_ETL,EXT_ORA_ApPaymentApply,executes,medium
Master_Daily_ETL,EXT_ORA_CodeTranslation,executes,medium
Master_Daily_ETL,EXT_ORA_CostCenter,executes,medium
Master_Daily_ETL,EXT_ORA_Currency,executes,high
Master_Daily_ETL,EXT_ORA_CustomerAddress,executes,high
Master_Daily_ETL,EXT_ORA_CustomerMaster,executes,high
Master_Daily_ETL,EXT_ORA_FxRateDaily,executes,high
Master_Daily_ETL,EXT_ORA_Geography,executes,medium
Master_Daily_ETL,EXT_ORA_GlJournalLine,executes,high
Master_Daily_ETL,EXT_ORA_PaymentTerms,executes,medium
Master_Daily_ETL,EXT_ORA_ProductHierarchy,executes,medium
Master_Daily_ETL,EXT_ORA_ProductMaster,executes,high
Master_Daily_ETL,EXT_ORA_PurchaseOrderHdr,executes,high
Master_Daily_ETL,EXT_ORA_PurchaseOrderLine,executes,high
Master_Daily_ETL,EXT_ORA_ReceiptLine,executes,high
Master_Daily_ETL,EXT_ORA_SupplierMaster,executes,high
Master_Daily_ETL,EXT_ORA_TaxRate,executes,medium
Master_Daily_ETL,EXT_ORA_VendorContract,executes,medium
Master_Daily_ETL,EXT_SQL_Cities,executes,medium
Master_Daily_ETL,EXT_SQL_CreditNotes,executes,medium
Master_Daily_ETL,EXT_SQL_CustomerSegments,executes,medium
Master_Daily_ETL,EXT_SQL_CustomerTransactions,executes,high
Master_Daily_ETL,EXT_SQL_InvoiceLines,executes,high
Master_Daily_ETL,EXT_SQL_Invoices,executes,high
Master_Daily_ETL,EXT_SQL_LoyaltyLedger,executes,medium
Master_Daily_ETL,EXT_SQL_OrderLines,executes,high
Master_Daily_ETL,EXT_SQL_Orders,executes,high
Master_Daily_ETL,EXT_SQL_PaymentMethods,executes,low
Master_Daily_ETL,EXT_SQL_People,executes,medium
Master_Daily_ETL,EXT_SQL_Promotions,executes,medium
Master_Daily_ETL,EXT_SQL_Returns,executes,medium
Master_Daily_ETL,EXT_SQL_SalesTerritories,executes,medium
Master_Daily_ETL,EXT_SQL_ShipmentLines,executes,high
Master_Daily_ETL,EXT_SQL_Shipments,executes,high
Master_Daily_ETL,EXT_SQL_StockItems,executes,high
Master_Daily_ETL,EXT_SQL_StockMovements,executes,high
Master_Daily_ETL,EXT_SQL_StockTransfers,executes,medium
Master_Daily_ETL,EXT_SQL_SupplierTransactions,executes,medium
Master_Daily_ETL,EXT_SQL_TransactionTypes,executes,low
Master_Daily_ETL,EXT_SQL_WebSessions,executes,low
Master_Daily_ETL,FACT_APAC_Load_Sale,executes,high
Master_Daily_ETL,FACT_Dedup_Sale,executes,medium
Master_Daily_ETL,FACT_EU_Load_Sale,executes,high
Master_Daily_ETL,FACT_Load_CreditNote,executes,high
Master_Daily_ETL,FACT_Load_CustomerTransaction,executes,high
Master_Daily_ETL,FACT_Load_DailyInventorySnapshot,executes,medium
Master_Daily_ETL,FACT_Load_DailySalesSnapshot,executes,medium
Master_Daily_ETL,FACT_Load_GLPosting,executes,high
Master_Daily_ETL,FACT_Load_LoyaltyPoints,executes,high
Master_Daily_ETL,FACT_Load_Movement,executes,high
Master_Daily_ETL,FACT_Load_Order,executes,high
Master_Daily_ETL,FACT_Load_OrderFulfilment,executes,medium
Master_Daily_ETL,FACT_Load_Payment,executes,high
Master_Daily_ETL,FACT_Load_Purchase,executes,high
Master_Daily_ETL,FACT_Load_PurchaseReceipt,executes,high
Master_Daily_ETL,FACT_Load_Return,executes,high
Master_Daily_ETL,FACT_Load_Shipment,executes,medium
Master_Daily_ETL,FACT_Load_StockHolding,executes,medium
Master_Daily_ETL,FACT_Load_SupplierPayment,executes,high
Master_Daily_ETL,FACT_Load_SupplierTransaction,executes,high
Master_Daily_ETL,FACT_Load_Transaction,executes,high
Master_Daily_ETL,FACT_Load_WebSession,executes,high
Master_Daily_ETL,FACT_NA_Load_Sale,executes,high
Master_Daily_ETL,INV_Load_CycleCountVariance,executes,medium
Master_Daily_ETL,INV_Load_DailySnapshot,executes,medium
Master_Daily_ETL,INV_Load_Replenishment,executes,medium
Master_Daily_ETL,INV_Load_StockTransfer,executes,medium
Master_Daily_ETL,INV_Reconcile_OnHand,executes,medium
Master_Daily_ETL,PRC_Export_SupplierStatement,executes,medium
Master_Daily_ETL,PRC_Load_ContractCompliance,executes,medium
Master_Daily_ETL,PRC_Load_PurchaseSpend,executes,medium
Master_Daily_ETL,PRC_Load_ReceiptMatching,executes,medium
Master_Daily_ETL,PRC_Load_SupplierScorecard,executes,medium
Master_Daily_ETL,SLS_APAC_Load_Commission,executes,medium
Master_Daily_ETL,SLS_EU_Load_Commission,executes,medium
Master_Daily_ETL,SLS_Export_PartnerFeed,executes,medium
Master_Daily_ETL,SLS_Load_PromotionRedemption,executes,medium
Master_Daily_ETL,SLS_Load_QuotaAttainment,executes,medium
Master_Daily_ETL,SLS_NA_Load_Commission,executes,medium
Master_Daily_ETL,STG_Load_ApInvoice,executes,high
Master_Daily_ETL,STG_Load_CostCenter,executes,medium
Master_Daily_ETL,STG_Load_Currency,executes,medium
Master_Daily_ETL,STG_Load_Customer,executes,medium
Master_Daily_ETL,STG_Load_CustomerAddress,executes,medium
Master_Daily_ETL,STG_Load_Employee,executes,medium
Master_Daily_ETL,STG_Load_Geography,executes,medium
Master_Daily_ETL,STG_Load_GlJournal,executes,high
Master_Daily_ETL,STG_Load_LoyaltyLedger,executes,high
Master_Daily_ETL,STG_Load_Order,executes,high
Master_Daily_ETL,STG_Load_PartnerSale,executes,high
Master_Daily_ETL,STG_Load_Payment,executes,high
Master_Daily_ETL,STG_Load_Product,executes,medium
Master_Daily_ETL,STG_Load_PromotionAndTerritory,executes,medium
Master_Daily_ETL,STG_Load_PurchaseOrder,executes,high
Master_Daily_ETL,STG_Load_ReturnAndCredit,executes,high
Master_Daily_ETL,STG_Load_Sale,executes,high
Master_Daily_ETL,STG_Load_Shipment,executes,high
Master_Daily_ETL,STG_Load_StockItem,executes,medium
Master_Daily_ETL,STG_Load_StockMovement,executes,high
Master_Daily_ETL,STG_Load_Supplier,executes,medium
Master_Daily_ETL,STG_Load_TaxAndTerms,executes,medium
Master_Daily_ETL,STG_Load_VendorContract,executes,medium
Master_Daily_ETL,STG_Load_WebSession,executes,high
Master_Daily_ETL,STG_Work_CustomerDedup,executes,medium
Master_Daily_ETL,STG_Work_InventoryPosition,executes,medium
Master_Daily_ETL,STG_Work_PaymentMatch,executes,medium
Master_Daily_ETL,STG_Work_ProductCrosswalk,executes,medium
Master_Finance_Close,FIN_Close_PeriodLock,executes,high
Master_Finance_Close,FIN_Currency_Revaluation,executes,high
Master_Finance_Close,FIN_Load_ApAging,executes,high
Master_Finance_Close,FIN_Load_CostAllocation,executes,high
Master_Finance_Close,FIN_Load_GlPostings,executes,high
Master_Finance_Close,FIN_Load_WithholdingTax,executes,high
Master_Finance_Close,FIN_Reconcile_SubledgerToGl,executes,high
Master_Hourly_Incremental,ING_FILE_CarrierScan,executes,medium
Master_Hourly_Incremental,ING_FILE_FxOverride,executes,medium
Master_Hourly_Incremental,ING_FILE_PartnerSales_APAC,executes,low
Master_Hourly_Incremental,ING_FILE_PartnerSales_EU,executes,low
Master_Hourly_Incremental,ING_FILE_PartnerSales_NA,executes,low
Master_Hourly_Incremental,ING_FILE_QuarantineMalformed,executes,medium
Master_Hourly_Incremental,ING_FILE_SupplierCatalog,executes,medium
Master_Month_End,AGG_Refresh_Customer360,executes,medium
Master_Month_End,AGG_Refresh_CustomerRolling12Month,executes,medium
Master_Month_End,AGG_Refresh_DeliveryPerformanceSummary,executes,medium
Master_Month_End,AGG_Refresh_FinanceCloseSummary,executes,medium
Master_Month_End,AGG_Refresh_MonthlyMarginAnalysis,executes,medium
Master_Month_End,AGG_Refresh_MonthlySalesSummary,executes,medium
Master_Month_End,AGG_Refresh_ProductPerformance,executes,medium
Master_Month_End,AGG_Refresh_PromotionEffectiveness,executes,medium
Master_Month_End,AGG_Refresh_RegionalSalesPerformance,executes,medium
Master_Month_End,AGG_Refresh_SupplierPerformance,executes,medium
Master_Month_End,FACT_Apply_Corrections,executes,high
Master_Weekly_Maintenance,MNT_Archive_ProcessedFiles,executes,low
Master_Weekly_Maintenance,MNT_Check_DiskSpace,executes,low
Master_Weekly_Maintenance,MNT_Purge_ControlHistory,executes,low
Master_Weekly_Maintenance,MNT_Purge_StagingHistory,executes,low
Master_Weekly_Maintenance,MNT_Rebuild_Indexes,executes,low
Master_Weekly_Maintenance,MNT_Update_Statistics,executes,low
Master_Weekly_Maintenance,MNT_Validate_Configuration,executes,low
Master_Weekly_Reference_Load,REF_Load_Carrier,executes,medium
Master_Weekly_Reference_Load,REF_Load_CodeTranslation,executes,medium
Master_Weekly_Reference_Load,REF_Load_CostCenter,executes,medium
Master_Weekly_Reference_Load,REF_Load_Currency,executes,medium
Master_Weekly_Reference_Load,REF_Load_DateDimension,executes,high
Master_Weekly_Reference_Load,REF_Load_Geography,executes,medium
Master_Weekly_Reference_Load,REF_Load_LoyaltyTier,executes,medium
Master_Weekly_Reference_Load,REF_Load_PaymentMethod,executes,medium
Master_Weekly_Reference_Load,REF_Load_PaymentTerms,executes,medium
Master_Weekly_Reference_Load,REF_Load_ReturnReason,executes,medium
Master_Weekly_Reference_Load,REF_Load_SalesChannel,executes,medium
Master_Weekly_Reference_Load,REF_Load_TransactionType,executes,medium
Master_Weekly_Reference_Load,REF_Load_UnknownMembers,executes,high
Master_Weekly_Reference_Load,REF_Load_WarehouseSite,executes,medium
REF_Load_CodeTranslation,FIN_Close_PeriodLock,data:etl.Configuration,high
REF_Load_UnknownMembers,AGG_Refresh_Customer360,data:Dimension.*,medium
REF_Load_UnknownMembers,AGG_Refresh_CustomerRolling12Month,data:Dimension.*,medium
REF_Load_UnknownMembers,AGG_Refresh_DailyInventoryHealth,data:Dimension.*,medium
REF_Load_UnknownMembers,AGG_Refresh_DailySalesSummary,data:Dimension.*,medium
REF_Load_UnknownMembers,AGG_Refresh_DeliveryPerformanceSummary,data:Dimension.*,medium
REF_Load_UnknownMembers,AGG_Refresh_FinanceCloseSummary,data:Dimension.*,medium
REF_Load_UnknownMembers,AGG_Refresh_MonthlyMarginAnalysis,data:Dimension.*,medium
REF_Load_UnknownMembers,AGG_Refresh_MonthlySalesSummary,data:Dimension.*,medium
REF_Load_UnknownMembers,AGG_Refresh_ProductPerformance,data:Dimension.*,medium
REF_Load_UnknownMembers,AGG_Refresh_PromotionEffectiveness,data:Dimension.*,medium
REF_Load_UnknownMembers,AGG_Refresh_RegionalSalesPerformance,data:Dimension.*,medium
REF_Load_UnknownMembers,AGG_Refresh_SupplierPerformance,data:Dimension.*,medium
SLS_APAC_Load_Commission,C360_Build_CustomerProfile,data:Fact.Sale,medium
SLS_APAC_Load_Commission,C360_Build_RollingMetrics,data:Fact.Sale,medium
SLS_APAC_Load_Commission,FACT_Dedup_Sale,data:Fact.Sale,medium
SLS_APAC_Load_Commission,SLS_Export_PartnerFeed,data:Fact.Sale,medium
SLS_EU_Load_Commission,C360_Build_CustomerProfile,data:Fact.Sale,medium
SLS_EU_Load_Commission,C360_Build_RollingMetrics,data:Fact.Sale,medium
SLS_EU_Load_Commission,FACT_Dedup_Sale,data:Fact.Sale,medium
SLS_EU_Load_Commission,SLS_Export_PartnerFeed,data:Fact.Sale,medium
SLS_NA_Load_Commission,C360_Build_CustomerProfile,data:Fact.Sale,medium
SLS_NA_Load_Commission,C360_Build_RollingMetrics,data:Fact.Sale,medium
SLS_NA_Load_Commission,FACT_Dedup_Sale,data:Fact.Sale,medium
SLS_NA_Load_Commission,SLS_Export_PartnerFeed,data:Fact.Sale,medium
STG_Load_ApInvoice,FIN_Load_ApAging,data:stg.ApInvoice,high
STG_Load_ApInvoice,FIN_Load_WithholdingTax,data:stg.ApInvoiceLine,high
STG_Load_ApInvoice,STG_Work_PaymentMatch,data:stg.ApInvoice,medium
STG_Load_CostCenter,FIN_Load_CostAllocation,data:stg.CostCenter,high
STG_Load_Currency,FIN_Currency_Revaluation,data:stg.FxRate,high
STG_Load_Customer,DIM_APAC_Load_Customer,data:stg.Customer,high
STG_Load_Customer,DIM_EU_Load_Customer,data:stg.Customer,high
STG_Load_Customer,DIM_NA_Load_Customer,data:stg.Customer,high
STG_Load_Customer,DQ_Customer_Screen,data:stg.Customer,high
STG_Load_Customer,STG_Work_CustomerDedup,data:stg.Customer,medium
STG_Load_CustomerAddress,STG_Work_CustomerDedup,data:stg.CustomerAddress,medium
STG_Load_Employee,DIM_Load_Employee,data:stg.Employee,high
STG_Load_Employee,DIM_Load_Salesperson,data:stg.Salesperson,high
STG_Load_GlJournal,FIN_Load_GlPostings,data:stg.GlJournalLine,high
STG_Load_Order,DQ_OrderLine_Screen,data:stg.OrderLine,high
STG_Load_Order,DQ_Referential_Screen,data:stg.OrderLine,high
STG_Load_Order,FACT_Load_Order,data:stg.Order,high
STG_Load_Payment,DQ_Payment_Screen,data:stg.Payment,high
STG_Load_Payment,FACT_Load_Payment,data:stg.Payment,high
STG_Load_Payment,STG_Work_PaymentMatch,data:stg.Payment,medium
STG_Load_Product,STG_Work_ProductCrosswalk,data:stg.Product,medium
STG_Load_PromotionAndTerritory,DIM_Load_Promotion,data:stg.Promotion,high
STG_Load_PromotionAndTerritory,DIM_Load_SalesTerritory,data:stg.SalesTerritory,medium
STG_Load_PromotionAndTerritory,SLS_Load_PromotionRedemption,data:stg.Promotion,medium
STG_Load_PurchaseOrder,PRC_Load_PurchaseSpend,data:stg.PurchaseOrderLine,medium
STG_Load_ReturnAndCredit,FACT_Load_CreditNote,data:stg.CreditNote,high
STG_Load_ReturnAndCredit,FACT_Load_Return,data:stg.Return,high
STG_Load_Sale,DQ_InvoiceLine_Screen,data:stg.SaleLine,high
STG_Load_Sale,DQ_Referential_Screen,data:stg.SaleLine,high
STG_Load_Sale,FACT_APAC_Load_Sale,data:stg.SaleLine,high
STG_Load_Sale,FACT_EU_Load_Sale,data:stg.SaleLine,high
STG_Load_Sale,FACT_NA_Load_Sale,data:stg.SaleLine,high
STG_Load_Sale,SLS_APAC_Load_Commission,data:stg.SaleLine,medium
STG_Load_Sale,SLS_EU_Load_Commission,data:stg.SaleLine,medium
STG_Load_Sale,SLS_Load_QuotaAttainment,data:stg.SaleLine,medium
STG_Load_Sale,SLS_NA_Load_Commission,data:stg.SaleLine,medium
STG_Load_Shipment,FACT_Load_Shipment,data:stg.Shipment,medium
STG_Load_StockItem,DIM_Load_StockItem,data:stg.StockItem,high
STG_Load_StockItem,INV_Load_Replenishment,data:stg.StockItem,medium
STG_Load_StockItem,STG_Work_ProductCrosswalk,data:stg.StockItem,medium
STG_Load_StockMovement,INV_Load_CycleCountVariance,data:stg.StockMovement,medium
STG_Load_StockMovement,INV_Load_StockTransfer,data:stg.StockMovement,medium
STG_Load_StockMovement,STG_Work_InventoryPosition,data:stg.StockMovement,medium
STG_Load_Supplier,DIM_Load_Supplier,data:stg.Supplier,high
STG_Load_Supplier,DQ_Supplier_Screen,data:stg.Supplier,high
STG_Load_Supplier,PRC_Load_SupplierScorecard,data:stg.Supplier,medium
STG_Load_VendorContract,DIM_Load_VendorContract,data:stg.VendorContract,high
STG_Load_VendorContract,PRC_Load_ContractCompliance,data:stg.VendorContract,medium
STG_Load_WebSession,FACT_Load_WebSession,data:stg.WebSession,high
STG_Work_InventoryPosition,INV_Load_DailySnapshot,data:work.InventoryPositionDaily,medium
