package,folder,source_system,source_object,target_system,target_object,load_type
AGG_Publish_ReportingLayer,09_aggregates,SQL Server DW,Aggregate.*,SQL Server DW,Report.*,publish
AGG_Refresh_Customer360,09_aggregates,SQL Server DW,Dimension.*,SQL Server DW,Aggregate.Customer 360,aggregate_rebuild
AGG_Refresh_Customer360,09_aggregates,SQL Server DW,Fact.*,SQL Server DW,Aggregate.Customer 360,aggregate_rebuild
AGG_Refresh_CustomerRolling12Month,09_aggregates,SQL Server DW,Dimension.*,SQL Server DW,Aggregate.Customer Rolling 12 Month,aggregate_rebuild
AGG_Refresh_CustomerRolling12Month,09_aggregates,SQL Server DW,Fact.*,SQL Server DW,Aggregate.Customer Rolling 12 Month,aggregate_rebuild
AGG_Refresh_DailyInventoryHealth,09_aggregates,SQL Server DW,Dimension.*,SQL Server DW,Aggregate.Daily Inventory Health,aggregate_rebuild
AGG_Refresh_DailyInventoryHealth,09_aggregates,SQL Server DW,Fact.*,SQL Server DW,Aggregate.Daily Inventory Health,aggregate_rebuild
AGG_Refresh_DailySalesSummary,09_aggregates,SQL Server DW,Dimension.*,SQL Server DW,Aggregate.Daily Sales Summary,aggregate_rebuild
AGG_Refresh_DailySalesSummary,09_aggregates,SQL Server DW,Fact.*,SQL Server DW,Aggregate.Daily Sales Summary,aggregate_rebuild
AGG_Refresh_DeliveryPerformanceSummary,09_aggregates,SQL Server DW,Dimension.*,SQL Server DW,Aggregate.Delivery Performance Summary,aggregate_rebuild
AGG_Refresh_DeliveryPerformanceSummary,09_aggregates,SQL Server DW,Fact.*,SQL Server DW,Aggregate.Delivery Performance Summary,aggregate_rebuild
AGG_Refresh_FinanceCloseSummary,09_aggregates,SQL Server DW,Dimension.*,SQL Server DW,Aggregate.Finance Close Summary,aggregate_rebuild
AGG_Refresh_FinanceCloseSummary,09_aggregates,SQL Server DW,Fact.*,SQL Server DW,Aggregate.Finance Close Summary,aggregate_rebuild
AGG_Refresh_MonthlyMarginAnalysis,09_aggregates,SQL Server DW,Dimension.*,SQL Server DW,Aggregate.Monthly Margin Analysis,aggregate_rebuild
AGG_Refresh_MonthlyMarginAnalysis,09_aggregates,SQL Server DW,Fact.*,SQL Server DW,Aggregate.Monthly Margin Analysis,aggregate_rebuild
AGG_Refresh_MonthlySalesSummary,09_aggregates,SQL Server DW,Dimension.*,SQL Server DW,Aggregate.Monthly Sales Summary,aggregate_rebuild
AGG_Refresh_MonthlySalesSummary,09_aggregates,SQL Server DW,Fact.*,SQL Server DW,Aggregate.Monthly Sales Summary,aggregate_rebuild
AGG_Refresh_ProductPerformance,09_aggregates,SQL Server DW,Dimension.*,SQL Server DW,Aggregate.Product Performance,aggregate_rebuild
AGG_Refresh_ProductPerformance,09_aggregates,SQL Server DW,Fact.*,SQL Server DW,Aggregate.Product Performance,aggregate_rebuild
AGG_Refresh_PromotionEffectiveness,09_aggregates,SQL Server DW,Dimension.*,SQL Server DW,Aggregate.Promotion Effectiveness,aggregate_rebuild
AGG_Refresh_PromotionEffectiveness,09_aggregates,SQL Server DW,Fact.*,SQL Server DW,Aggregate.Promotion Effectiveness,aggregate_rebuild
AGG_Refresh_RegionalSalesPerformance,09_aggregates,SQL Server DW,Dimension.*,SQL Server DW,Aggregate.Regional Sales Performance,aggregate_rebuild
AGG_Refresh_RegionalSalesPerformance,09_aggregates,SQL Server DW,Fact.*,SQL Server DW,Aggregate.Regional Sales Performance,aggregate_rebuild
AGG_Refresh_SupplierPerformance,09_aggregates,SQL Server DW,Dimension.*,SQL Server DW,Aggregate.Supplier Performance,aggregate_rebuild
AGG_Refresh_SupplierPerformance,09_aggregates,SQL Server DW,Fact.*,SQL Server DW,Aggregate.Supplier Performance,aggregate_rebuild
C360_Build_ChurnFlags,14_customer_360,SQL Server DW,Aggregate.Customer Rolling 12 Month,SQL Server DW,Report.vw_CustomerChurnRisk,business_rule
C360_Build_CustomerProfile,14_customer_360,SQL Server DW,Fact.Payment,SQL Server DW,Aggregate.Customer 360,business_rule
C360_Build_CustomerProfile,14_customer_360,SQL Server DW,Fact.Sale,SQL Server DW,Aggregate.Customer 360,business_rule
C360_Build_LoyaltyOverlay,14_customer_360,SQL Server DW,Fact.Loyalty Points,SQL Server DW,Aggregate.Customer 360,business_rule
C360_Build_RollingMetrics,14_customer_360,SQL Server DW,Fact.Sale,SQL Server DW,Aggregate.Customer Rolling 12 Month,business_rule
C360_Publish_Segments,14_customer_360,SQL Server DW,Aggregate.Customer 360,SQL Server DW,Dimension.Customer Segment,business_rule
DIM_APAC_Load_Customer,07_dimensions,SQL Server Staging,stg.Customer,SQL Server DW,Dimension.Customer,SCD2
DIM_EU_Load_Customer,07_dimensions,SQL Server Staging,stg.Customer,SQL Server DW,Dimension.Customer,SCD2
DIM_Load_City,07_dimensions,SQL Server Staging,stg.City,SQL Server DW,Dimension.City,SCD2
DIM_Load_CustomerCategory,07_dimensions,SQL Server Staging,stg.CustomerCategory,SQL Server DW,Dimension.Customer Category,SCD1
DIM_Load_CustomerSegment,07_dimensions,SQL Server Staging,stg.CustomerSegment,SQL Server DW,Dimension.Customer Segment,SCD2
DIM_Load_Employee,07_dimensions,SQL Server Staging,stg.Employee,SQL Server DW,Dimension.Employee,SCD2
DIM_Load_ProductCategory,07_dimensions,SQL Server Staging,stg.ProductCategory,SQL Server DW,Dimension.Product Category,SCD1
DIM_Load_Promotion,07_dimensions,SQL Server Staging,stg.Promotion,SQL Server DW,Dimension.Promotion,SCD2
DIM_Load_SalesTerritory,07_dimensions,SQL Server Staging,stg.SalesTerritory,SQL Server DW,Dimension.Sales Territory,SCD1
DIM_Load_Salesperson,07_dimensions,SQL Server Staging,stg.Salesperson,SQL Server DW,Dimension.Salesperson,SCD2
DIM_Load_StockItem,07_dimensions,SQL Server Staging,stg.StockItem,SQL Server DW,Dimension.Stock Item,SCD2
DIM_Load_Supplier,07_dimensions,SQL Server Staging,stg.Supplier,SQL Server DW,Dimension.Supplier,SCD2
DIM_Load_VendorContract,07_dimensions,SQL Server Staging,stg.VendorContract,SQL Server DW,Dimension.Vendor Contract,SCD2
DIM_NA_Load_Customer,07_dimensions,SQL Server Staging,stg.Customer,SQL Server DW,Dimension.Customer,SCD2
DIM_Rekey_LateArriving,07_dimensions,SQL Server Staging,work.LateArrivingDimensionQueue,SQL Server DW,Fact.*,rekey
DQ_Customer_Screen,05_data_quality,SQL Server Staging,stg.Customer,SQL Server Staging,err.RejectedCustomer,quality_screen
DQ_File_Screen,05_data_quality,SQL Server Staging,raw.FilePartnerSales,SQL Server Staging,err.RejectedFileRow,quality_screen
DQ_InvoiceLine_Screen,05_data_quality,SQL Server Staging,stg.SaleLine,SQL Server Staging,err.RejectedInvoiceLine,quality_screen
DQ_OrderLine_Screen,05_data_quality,SQL Server Staging,stg.OrderLine,SQL Server Staging,err.RejectedOrderLine,quality_screen
DQ_Payment_Screen,05_data_quality,SQL Server Staging,stg.Payment,SQL Server Staging,err.RejectedPayment,quality_screen
DQ_Referential_Screen,05_data_quality,SQL Server Staging,stg.OrderLine,SQL Server Staging,err.RejectedLookupFailure,quality_screen
DQ_Referential_Screen,05_data_quality,SQL Server Staging,stg.SaleLine,SQL Server Staging,err.RejectedLookupFailure,quality_screen
DQ_Reject_Reprocess,05_data_quality,SQL Server Staging,err.RejectedLookupFailure,SQL Server Staging,stg.OrderLine,quality_screen
DQ_Rule_Engine,05_data_quality,SQL Server Staging,etl.DataQualityRule,SQL Server Staging,etl.DataQualityResult,quality_screen
DQ_Supplier_Screen,05_data_quality,SQL Server Staging,stg.Supplier,SQL Server Staging,err.RejectedSupplier,quality_screen
DQ_Threshold_Gate,05_data_quality,SQL Server Staging,etl.RowCountAudit,SQL Server Staging,etl.ReconciliationResult,quality_screen
ERR_Handle_PackageFailure,15_error_handling,SQL Server Staging,err.*,SQL Server Staging,etl.ErrorLog,utility
ERR_Handle_PackageFailure,15_error_handling,SQL Server Staging,err.*,SQL Server Staging,file:errors,utility
ERR_Handle_PackageFailure,15_error_handling,SQL Server Staging,etl.ErrorLog,SQL Server Staging,etl.ErrorLog,utility
ERR_Handle_PackageFailure,15_error_handling,SQL Server Staging,etl.ErrorLog,SQL Server Staging,file:errors,utility
ERR_Notify_Operations,15_error_handling,SQL Server Staging,err.*,SQL Server Staging,etl.ErrorLog,utility
ERR_Notify_Operations,15_error_handling,SQL Server Staging,err.*,SQL Server Staging,file:errors,utility
ERR_Notify_Operations,15_error_handling,SQL Server Staging,etl.ErrorLog,SQL Server Staging,etl.ErrorLog,utility
ERR_Notify_Operations,15_error_handling,SQL Server Staging,etl.ErrorLog,SQL Server Staging,file:errors,utility
ERR_Quarantine_BadFiles,15_error_handling,SQL Server Staging,err.*,SQL Server Staging,etl.ErrorLog,utility
ERR_Quarantine_BadFiles,15_error_handling,SQL Server Staging,err.*,SQL Server Staging,file:errors,utility
ERR_Quarantine_BadFiles,15_error_handling,SQL Server Staging,etl.ErrorLog,SQL Server Staging,etl.ErrorLog,utility
ERR_Quarantine_BadFiles,15_error_handling,SQL Server Staging,etl.ErrorLog,SQL Server Staging,file:errors,utility
ERR_Reconcile_RowCounts,15_error_handling,SQL Server Staging,err.*,SQL Server Staging,etl.ErrorLog,utility
ERR_Reconcile_RowCounts,15_error_handling,SQL Server Staging,err.*,SQL Server Staging,file:errors,utility
ERR_Reconcile_RowCounts,15_error_handling,SQL Server Staging,etl.ErrorLog,SQL Server Staging,etl.ErrorLog,utility
ERR_Reconcile_RowCounts,15_error_handling,SQL Server Staging,etl.ErrorLog,SQL Server Staging,file:errors,utility
ERR_Retry_FailedSteps,15_error_handling,SQL Server Staging,err.*,SQL Server Staging,etl.ErrorLog,utility
ERR_Retry_FailedSteps,15_error_handling,SQL Server Staging,err.*,SQL Server Staging,file:errors,utility
ERR_Retry_FailedSteps,15_error_handling,SQL Server Staging,etl.ErrorLog,SQL Server Staging,etl.ErrorLog,utility
ERR_Retry_FailedSteps,15_error_handling,SQL Server Staging,etl.ErrorLog,SQL Server Staging,file:errors,utility
ERR_Route_RejectedRows,15_error_handling,SQL Server Staging,err.*,SQL Server Staging,etl.ErrorLog,utility
ERR_Route_RejectedRows,15_error_handling,SQL Server Staging,err.*,SQL Server Staging,file:errors,utility
ERR_Route_RejectedRows,15_error_handling,SQL Server Staging,etl.ErrorLog,SQL Server Staging,etl.ErrorLog,utility
ERR_Route_RejectedRows,15_error_handling,SQL Server Staging,etl.ErrorLog,SQL Server Staging,file:errors,utility
EXT_ORA_ApAging,01_oracle_extract,Oracle,WWI_FIN.AP_AGING_SNAPSHOT,SQL Server Staging,raw.OracleApInvoiceHdr,full
EXT_ORA_ApInvoiceHdr,01_oracle_extract,Oracle,WWI_FIN.AP_INVOICE_HDR,SQL Server Staging,raw.OracleApInvoiceHdr,incremental_timestamp
EXT_ORA_ApInvoiceLine,01_oracle_extract,Oracle,WWI_FIN.AP_INVOICE_LINE,SQL Server Staging,raw.OracleApInvoiceLine,incremental_key
EXT_ORA_ApPayment,01_oracle_extract,Oracle,WWI_FIN.AP_PAYMENT,SQL Server Staging,raw.OracleApPayment,incremental_timestamp
EXT_ORA_ApPaymentApply,01_oracle_extract,Oracle,WWI_FIN.AP_PAYMENT_APPLY,SQL Server Staging,raw.OracleApPayment,incremental_key
EXT_ORA_CodeTranslation,01_oracle_extract,Oracle,WWI_REF.CODE_TRANSLATION,SQL Server Staging,raw.OracleCustomerMaster,full
EXT_ORA_CostCenter,01_oracle_extract,Oracle,WWI_FIN.COST_CENTER,SQL Server Staging,raw.OracleCostCenter,full
EXT_ORA_Currency,01_oracle_extract,Oracle,WWI_REF.CURRENCY_CODE,SQL Server Staging,raw.OracleCurrency,full
EXT_ORA_CustomerAddress,01_oracle_extract,Oracle,WWI_MDM.CUST_ADDRESS,SQL Server Staging,raw.OracleCustomerAddress,incremental_timestamp
EXT_ORA_CustomerMaster,01_oracle_extract,Oracle,WWI_MDM.CUST_MASTER,SQL Server Staging,raw.OracleCustomerMaster,incremental_timestamp
EXT_ORA_FxRateDaily,01_oracle_extract,Oracle,WWI_REF.FX_RATE_DAILY,SQL Server Staging,raw.OracleFxRate,date_window
EXT_ORA_Geography,01_oracle_extract,Oracle,WWI_REF.V_GEOGRAPHY_EXTRACT,SQL Server Staging,raw.OracleGeography,full
EXT_ORA_GlJournalLine,01_oracle_extract,Oracle,WWI_FIN.GL_JOURNAL_LINE,SQL Server Staging,raw.OracleGlJournalLine,date_window
EXT_ORA_PaymentTerms,01_oracle_extract,Oracle,WWI_FIN.PAYMENT_TERMS,SQL Server Staging,raw.OraclePaymentTerms,full
EXT_ORA_ProductHierarchy,01_oracle_extract,Oracle,WWI_MDM.PRODUCT_HIERARCHY,SQL Server Staging,raw.OracleProductMaster,full
EXT_ORA_ProductMaster,01_oracle_extract,Oracle,WWI_MDM.PRODUCT_MASTER,SQL Server Staging,raw.OracleProductMaster,incremental_timestamp
EXT_ORA_PurchaseOrderHdr,01_oracle_extract,Oracle,WWI_PROC.PURCHASE_ORDER_HDR,SQL Server Staging,raw.OraclePurchaseOrderHdr,incremental_timestamp
EXT_ORA_PurchaseOrderLine,01_oracle_extract,Oracle,WWI_PROC.PURCHASE_ORDER_LINE,SQL Server Staging,raw.OraclePurchaseOrderLine,incremental_key
EXT_ORA_ReceiptLine,01_oracle_extract,Oracle,WWI_PROC.PO_RECEIPT_LINE,SQL Server Staging,raw.OracleReceiptLine,incremental_key
EXT_ORA_SupplierMaster,01_oracle_extract,Oracle,WWI_MDM.SUPP_MASTER,SQL Server Staging,raw.OracleSupplierMaster,incremental_timestamp
EXT_ORA_TaxRate,01_oracle_extract,Oracle,WWI_FIN.TAX_RATE,SQL Server Staging,raw.OracleTaxRate,full
EXT_ORA_VendorContract,01_oracle_extract,Oracle,WWI_PROC.VENDOR_CONTRACT,SQL Server Staging,raw.OracleVendorContract,full
EXT_SQL_Cities,02_sqlserver_extract,SQL Server OLTP,Application.Cities,SQL Server Staging,raw.OracleGeography,full
EXT_SQL_CreditNotes,02_sqlserver_extract,SQL Server OLTP,Returns.CreditNoteLines,SQL Server Staging,raw.SqlCreditNote,incremental_key
EXT_SQL_CustomerSegments,02_sqlserver_extract,SQL Server OLTP,Sales.CustomerSegmentAssignments,SQL Server Staging,raw.SqlOrder,full
EXT_SQL_CustomerTransactions,02_sqlserver_extract,SQL Server OLTP,Sales.CustomerTransactions,SQL Server Staging,raw.SqlInvoice,incremental_key
EXT_SQL_InvoiceLines,02_sqlserver_extract,SQL Server OLTP,Sales.InvoiceLines,SQL Server Staging,raw.SqlInvoiceLine,incremental_key
EXT_SQL_Invoices,02_sqlserver_extract,SQL Server OLTP,Sales.Invoices,SQL Server Staging,raw.SqlInvoice,incremental_key
EXT_SQL_LoyaltyLedger,02_sqlserver_extract,SQL Server OLTP,Loyalty.LoyaltyPointsLedger,SQL Server Staging,raw.SqlLoyaltyLedger,incremental_key
EXT_SQL_OrderLines,02_sqlserver_extract,SQL Server OLTP,Sales.OrderLines,SQL Server Staging,raw.SqlOrderLine,incremental_key
EXT_SQL_Orders,02_sqlserver_extract,SQL Server OLTP,Sales.Orders,SQL Server Staging,raw.SqlOrder,incremental_key
EXT_SQL_PaymentMethods,02_sqlserver_extract,SQL Server OLTP,Application.PaymentMethods,SQL Server Staging,raw.SqlInvoice,full
EXT_SQL_People,02_sqlserver_extract,SQL Server OLTP,Application.People,SQL Server Staging,raw.SqlOrder,full
EXT_SQL_Promotions,02_sqlserver_extract,SQL Server OLTP,Sales.Promotions,SQL Server Staging,raw.SqlOrder,full
EXT_SQL_Returns,02_sqlserver_extract,SQL Server OLTP,Returns.ReturnLines,SQL Server Staging,raw.SqlReturnLine,incremental_key
EXT_SQL_SalesTerritories,02_sqlserver_extract,SQL Server OLTP,Sales.SalesTerritories,SQL Server Staging,raw.SqlOrder,full
EXT_SQL_ShipmentLines,02_sqlserver_extract,SQL Server OLTP,Shipping.ShipmentLines,SQL Server Staging,raw.SqlShipmentLine,incremental_key
EXT_SQL_Shipments,02_sqlserver_extract,SQL Server OLTP,Shipping.ShipmentHeaders,SQL Server Staging,raw.SqlShipment,incremental_key
EXT_SQL_StockItems,02_sqlserver_extract,SQL Server OLTP,Warehouse.StockItems,SQL Server Staging,raw.SqlStockItem,incremental_timestamp
EXT_SQL_StockMovements,02_sqlserver_extract,SQL Server OLTP,Warehouse.StockItemTransactions,SQL Server Staging,raw.SqlStockMovement,incremental_key
EXT_SQL_StockTransfers,02_sqlserver_extract,SQL Server OLTP,Warehouse.StockTransferLines,SQL Server Staging,raw.SqlStockMovement,incremental_key
EXT_SQL_SupplierTransactions,02_sqlserver_extract,SQL Server OLTP,Purchasing.SupplierTransactions,SQL Server Staging,raw.SqlInvoice,incremental_key
EXT_SQL_TransactionTypes,02_sqlserver_extract,SQL Server OLTP,Application.TransactionTypes,SQL Server Staging,raw.SqlInvoice,full
EXT_SQL_WebSessions,02_sqlserver_extract,SQL Server OLTP,Ecommerce.WebSessions,SQL Server Staging,raw.SqlWebSession,date_window
FACT_APAC_Load_Sale,08_facts,SQL Server Staging,stg.SaleLine,SQL Server DW,Fact.Sale,incremental_fact
FACT_Apply_Corrections,08_facts,SQL Server Staging,work.FactRekeyQueue,SQL Server DW,Fact.Order,correction
FACT_Apply_Corrections,08_facts,SQL Server Staging,work.FactRekeyQueue,SQL Server DW,Fact.Payment,correction
FACT_Apply_Corrections,08_facts,SQL Server Staging,work.FactRekeyQueue,SQL Server DW,Fact.Sale,correction
FACT_Dedup_Sale,08_facts,SQL Server DW,Fact.Sale,SQL Server DW,Fact.Sale,dedup
FACT_EU_Load_Sale,08_facts,SQL Server Staging,stg.SaleLine,SQL Server DW,Fact.Sale,incremental_fact
FACT_Load_CreditNote,08_facts,SQL Server Staging,stg.CreditNote,SQL Server DW,Fact.Credit Note,incremental_fact
FACT_Load_CustomerTransaction,08_facts,SQL Server Staging,stg.CustomerTransaction,SQL Server DW,Fact.Customer Transaction,incremental_fact
FACT_Load_DailyInventorySnapshot,08_facts,SQL Server Staging,stg.DailyInventorySnapshot,SQL Server DW,Fact.Daily Inventory Snapshot,snapshot_fact
FACT_Load_DailySalesSnapshot,08_facts,SQL Server Staging,stg.DailySalesSnapshot,SQL Server DW,Fact.Daily Sales Snapshot,snapshot_fact
FACT_Load_GLPosting,08_facts,SQL Server Staging,stg.GLPosting,SQL Server DW,Fact.GL Posting,incremental_fact
FACT_Load_LoyaltyPoints,08_facts,SQL Server Staging,stg.LoyaltyPoints,SQL Server DW,Fact.Loyalty Points,incremental_fact
FACT_Load_Movement,08_facts,SQL Server Staging,stg.Movement,SQL Server DW,Fact.Movement,incremental_fact
FACT_Load_Order,08_facts,SQL Server Staging,stg.Order,SQL Server DW,Fact.Order,incremental_fact
FACT_Load_OrderFulfilment,08_facts,SQL Server Staging,stg.OrderFulfilment,SQL Server DW,Fact.Order Fulfilment,snapshot_fact
FACT_Load_Payment,08_facts,SQL Server Staging,stg.Payment,SQL Server DW,Fact.Payment,incremental_fact
FACT_Load_Purchase,08_facts,SQL Server Staging,stg.Purchase,SQL Server DW,Fact.Purchase,incremental_fact
FACT_Load_PurchaseReceipt,08_facts,SQL Server Staging,stg.PurchaseReceipt,SQL Server DW,Fact.Purchase Receipt,incremental_fact
FACT_Load_Return,08_facts,SQL Server Staging,stg.Return,SQL Server DW,Fact.Return,incremental_fact
FACT_Load_Shipment,08_facts,SQL Server Staging,stg.Shipment,SQL Server DW,Fact.Shipment,snapshot_fact
FACT_Load_StockHolding,08_facts,SQL Server Staging,stg.StockHolding,SQL Server DW,Fact.Stock Holding,snapshot_fact
FACT_Load_SupplierPayment,08_facts,SQL Server Staging,stg.SupplierPayment,SQL Server DW,Fact.Supplier Payment,incremental_fact
FACT_Load_SupplierTransaction,08_facts,SQL Server Staging,stg.SupplierTransaction,SQL Server DW,Fact.Supplier Transaction,incremental_fact
FACT_Load_Transaction,08_facts,SQL Server Staging,stg.Transaction,SQL Server DW,Fact.Transaction,incremental_fact
FACT_Load_WebSession,08_facts,SQL Server Staging,stg.WebSession,SQL Server DW,Fact.Web Session,incremental_fact
FACT_NA_Load_Sale,08_facts,SQL Server Staging,stg.SaleLine,SQL Server DW,Fact.Sale,incremental_fact
FIN_Close_PeriodLock,10_finance,SQL Server DW,etl.Configuration,SQL Server DW,etl.Batch,business_rule
FIN_Currency_Revaluation,10_finance,SQL Server Staging,stg.FxRate,SQL Server DW,Fact.Payment,business_rule
FIN_Load_ApAging,10_finance,SQL Server Staging,stg.ApInvoice,SQL Server DW,Fact.Payment,business_rule
FIN_Load_CostAllocation,10_finance,SQL Server Staging,stg.CostCenter,SQL Server DW,Aggregate.Finance Close Summary,business_rule
FIN_Load_GlPostings,10_finance,SQL Server Staging,stg.GlJournalLine,SQL Server DW,Fact.GL Posting,business_rule
FIN_Load_WithholdingTax,10_finance,SQL Server Staging,stg.ApInvoiceLine,SQL Server DW,Fact.Payment,business_rule
FIN_Reconcile_SubledgerToGl,10_finance,SQL Server DW,Fact.GL Posting,SQL Server DW,etl.ReconciliationResult,business_rule
FIN_Reconcile_SubledgerToGl,10_finance,SQL Server DW,Fact.Payment,SQL Server DW,etl.ReconciliationResult,business_rule
ING_FILE_CarrierScan,03_file_ingestion,File share,carrier_scan_*.csv,SQL Server Staging,raw.FileCarrierScan,file_ingest
ING_FILE_FxOverride,03_file_ingestion,File share,fx_override_*.csv,SQL Server Staging,raw.FileFxOverride,file_ingest
ING_FILE_PartnerSales_APAC,03_file_ingestion,File share,partner_sales_apac_*.txt,SQL Server Staging,raw.FilePartnerSales,file_ingest
ING_FILE_PartnerSales_EU,03_file_ingestion,File share,partner_sales_eu_*.csv,SQL Server Staging,raw.FilePartnerSales,file_ingest
ING_FILE_PartnerSales_NA,03_file_ingestion,File share,partner_sales_na_*.csv,SQL Server Staging,raw.FilePartnerSales,file_ingest
ING_FILE_QuarantineMalformed,03_file_ingestion,File share,quarantine/*,SQL Server Staging,err.RejectedFileRow,file_ingest
ING_FILE_SupplierCatalog,03_file_ingestion,File share,supplier_catalog_*.psv,SQL Server Staging,raw.FileSupplierCatalog,file_ingest
INV_Load_CycleCountVariance,12_inventory,SQL Server Staging,stg.StockMovement,SQL Server DW,Fact.Movement,business_rule
INV_Load_DailySnapshot,12_inventory,SQL Server DW,work.InventoryPositionDaily,SQL Server DW,Fact.Daily Inventory Snapshot,business_rule
INV_Load_Replenishment,12_inventory,SQL Server Staging,stg.StockItem,SQL Server DW,Aggregate.Daily Inventory Health,business_rule
INV_Load_StockTransfer,12_inventory,SQL Server Staging,stg.StockMovement,SQL Server DW,Fact.Movement,business_rule
INV_Reconcile_OnHand,12_inventory,SQL Server DW,Fact.Stock Holding,SQL Server DW,etl.ReconciliationResult,business_rule
MNT_Archive_ProcessedFiles,99_maintenance,SQL Server DW,etl.*,SQL Server DW,etl.*,utility
MNT_Check_DiskSpace,99_maintenance,SQL Server DW,etl.*,SQL Server DW,etl.*,utility
MNT_Purge_ControlHistory,99_maintenance,SQL Server DW,etl.*,SQL Server DW,etl.*,utility
MNT_Purge_StagingHistory,99_maintenance,SQL Server DW,etl.*,SQL Server DW,etl.*,utility
MNT_Rebuild_Indexes,99_maintenance,SQL Server DW,etl.*,SQL Server DW,etl.*,utility
MNT_Update_Statistics,99_maintenance,SQL Server DW,etl.*,SQL Server DW,etl.*,utility
MNT_Validate_Configuration,99_maintenance,SQL Server DW,etl.*,SQL Server DW,etl.*,utility
PRC_Export_SupplierStatement,13_procurement,SQL Server DW,Fact.Supplier Transaction,SQL Server DW,file:supplier_statement.csv,business_rule
PRC_Load_ContractCompliance,13_procurement,SQL Server Staging,stg.VendorContract,SQL Server DW,Aggregate.Supplier Performance,business_rule
PRC_Load_PurchaseSpend,13_procurement,SQL Server Staging,stg.PurchaseOrderLine,SQL Server DW,Fact.Purchase,business_rule
PRC_Load_ReceiptMatching,13_procurement,SQL Server Staging,stg.Receipt,SQL Server DW,Fact.Purchase Receipt,business_rule
PRC_Load_SupplierScorecard,13_procurement,SQL Server Staging,stg.Supplier,SQL Server DW,Aggregate.Supplier Performance,business_rule
REF_Load_Carrier,06_reference_data,SQL Server Staging,stg.*,SQL Server DW,Dimension.Carrier,full_refresh
REF_Load_CodeTranslation,06_reference_data,SQL Server Staging,stg.*,SQL Server DW,etl.Configuration,full_refresh
REF_Load_CostCenter,06_reference_data,SQL Server Staging,stg.*,SQL Server DW,Dimension.Cost Center,full_refresh
REF_Load_Currency,06_reference_data,SQL Server Staging,stg.*,SQL Server DW,Dimension.Currency,full_refresh
REF_Load_DateDimension,06_reference_data,SQL Server Staging,stg.*,SQL Server DW,Dimension.Date,full_refresh
REF_Load_Geography,06_reference_data,SQL Server Staging,stg.*,SQL Server DW,Dimension.Geography,full_refresh
REF_Load_LoyaltyTier,06_reference_data,SQL Server Staging,stg.*,SQL Server DW,Dimension.Loyalty Tier,full_refresh
REF_Load_PaymentMethod,06_reference_data,SQL Server Staging,stg.*,SQL Server DW,Dimension.Payment Method,full_refresh
REF_Load_PaymentTerms,06_reference_data,SQL Server Staging,stg.*,SQL Server DW,Dimension.Payment Terms,full_refresh
REF_Load_ReturnReason,06_reference_data,SQL Server Staging,stg.*,SQL Server DW,Dimension.Return Reason,full_refresh
REF_Load_SalesChannel,06_reference_data,SQL Server Staging,stg.*,SQL Server DW,Dimension.Sales Channel,full_refresh
REF_Load_TransactionType,06_reference_data,SQL Server Staging,stg.*,SQL Server DW,Dimension.Transaction Type,full_refresh
REF_Load_UnknownMembers,06_reference_data,SQL Server Staging,stg.*,SQL Server DW,Dimension.*,full_refresh
REF_Load_WarehouseSite,06_reference_data,SQL Server Staging,stg.*,SQL Server DW,Dimension.Warehouse Site,full_refresh
SLS_APAC_Load_Commission,11_sales,SQL Server Staging,stg.SaleLine,SQL Server DW,Fact.Sale,business_rule
SLS_EU_Load_Commission,11_sales,SQL Server Staging,stg.SaleLine,SQL Server DW,Fact.Sale,business_rule
SLS_Export_PartnerFeed,11_sales,SQL Server DW,Fact.Sale,SQL Server DW,file:partner_feed.csv,business_rule
SLS_Load_PromotionRedemption,11_sales,SQL Server Staging,stg.Promotion,SQL Server DW,Aggregate.Promotion Effectiveness,business_rule
SLS_Load_QuotaAttainment,11_sales,SQL Server Staging,stg.SaleLine,SQL Server DW,Aggregate.Regional Sales Performance,business_rule
SLS_NA_Load_Commission,11_sales,SQL Server Staging,stg.SaleLine,SQL Server DW,Fact.Sale,business_rule
STG_Load_ApInvoice,04_staging,SQL Server Staging (raw),raw.OracleApInvoiceHdr,SQL Server Staging,stg.ApInvoice,incremental_append
STG_Load_ApInvoice,04_staging,SQL Server Staging (raw),raw.OracleApInvoiceHdr,SQL Server Staging,stg.ApInvoiceLine,incremental_append
STG_Load_ApInvoice,04_staging,SQL Server Staging (raw),raw.OracleApInvoiceLine,SQL Server Staging,stg.ApInvoice,incremental_append
STG_Load_ApInvoice,04_staging,SQL Server Staging (raw),raw.OracleApInvoiceLine,SQL Server Staging,stg.ApInvoiceLine,incremental_append
STG_Load_CostCenter,04_staging,SQL Server Staging (raw),raw.OracleCostCenter,SQL Server Staging,stg.CostCenter,truncate_reload
STG_Load_Currency,04_staging,SQL Server Staging (raw),raw.OracleCurrency,SQL Server Staging,stg.Currency,truncate_reload
STG_Load_Currency,04_staging,SQL Server Staging (raw),raw.OracleCurrency,SQL Server Staging,stg.FxRate,truncate_reload
STG_Load_Currency,04_staging,SQL Server Staging (raw),raw.OracleFxRate,SQL Server Staging,stg.Currency,truncate_reload
STG_Load_Currency,04_staging,SQL Server Staging (raw),raw.OracleFxRate,SQL Server Staging,stg.FxRate,truncate_reload
STG_Load_Customer,04_staging,SQL Server Staging (raw),raw.OracleCustomerMaster,SQL Server Staging,stg.Customer,truncate_reload
STG_Load_CustomerAddress,04_staging,SQL Server Staging (raw),raw.OracleCustomerAddress,SQL Server Staging,stg.CustomerAddress,truncate_reload
STG_Load_Employee,04_staging,SQL Server Staging (raw),raw.SqlOrder,SQL Server Staging,stg.Employee,truncate_reload
STG_Load_Employee,04_staging,SQL Server Staging (raw),raw.SqlOrder,SQL Server Staging,stg.Salesperson,truncate_reload
STG_Load_Geography,04_staging,SQL Server Staging (raw),raw.OracleGeography,SQL Server Staging,stg.Geography,truncate_reload
STG_Load_GlJournal,04_staging,SQL Server Staging (raw),raw.OracleGlJournalLine,SQL Server Staging,stg.GlJournalLine,incremental_append
STG_Load_LoyaltyLedger,04_staging,SQL Server Staging (raw),raw.SqlLoyaltyLedger,SQL Server Staging,stg.LoyaltyLedger,incremental_append
STG_Load_Order,04_staging,SQL Server Staging (raw),raw.SqlOrder,SQL Server Staging,stg.Order,incremental_append
STG_Load_Order,04_staging,SQL Server Staging (raw),raw.SqlOrder,SQL Server Staging,stg.OrderLine,incremental_append
STG_Load_Order,04_staging,SQL Server Staging (raw),raw.SqlOrderLine,SQL Server Staging,stg.Order,incremental_append
STG_Load_Order,04_staging,SQL Server Staging (raw),raw.SqlOrderLine,SQL Server Staging,stg.OrderLine,incremental_append
STG_Load_PartnerSale,04_staging,SQL Server Staging (raw),raw.FilePartnerSales,SQL Server Staging,stg.PartnerSale,incremental_append
STG_Load_Payment,04_staging,SQL Server Staging (raw),raw.OracleApPayment,SQL Server Staging,stg.Payment,incremental_append
STG_Load_Product,04_staging,SQL Server Staging (raw),raw.OracleProductMaster,SQL Server Staging,stg.Product,truncate_reload
STG_Load_PromotionAndTerritory,04_staging,SQL Server Staging (raw),raw.SqlOrder,SQL Server Staging,stg.Promotion,truncate_reload
STG_Load_PromotionAndTerritory,04_staging,SQL Server Staging (raw),raw.SqlOrder,SQL Server Staging,stg.SalesTerritory,truncate_reload
STG_Load_PurchaseOrder,04_staging,SQL Server Staging (raw),raw.OraclePurchaseOrderHdr,SQL Server Staging,stg.PurchaseOrder,incremental_append
STG_Load_PurchaseOrder,04_staging,SQL Server Staging (raw),raw.OraclePurchaseOrderHdr,SQL Server Staging,stg.PurchaseOrderLine,incremental_append
STG_Load_PurchaseOrder,04_staging,SQL Server Staging (raw),raw.OraclePurchaseOrderLine,SQL Server Staging,stg.PurchaseOrder,incremental_append
STG_Load_PurchaseOrder,04_staging,SQL Server Staging (raw),raw.OraclePurchaseOrderLine,SQL Server Staging,stg.PurchaseOrderLine,incremental_append
STG_Load_ReturnAndCredit,04_staging,SQL Server Staging (raw),raw.SqlCreditNote,SQL Server Staging,stg.CreditNote,incremental_append
STG_Load_ReturnAndCredit,04_staging,SQL Server Staging (raw),raw.SqlCreditNote,SQL Server Staging,stg.Return,incremental_append
STG_Load_ReturnAndCredit,04_staging,SQL Server Staging (raw),raw.SqlReturnLine,SQL Server Staging,stg.CreditNote,incremental_append
STG_Load_ReturnAndCredit,04_staging,SQL Server Staging (raw),raw.SqlReturnLine,SQL Server Staging,stg.Return,incremental_append
STG_Load_Sale,04_staging,SQL Server Staging (raw),raw.SqlInvoice,SQL Server Staging,stg.Sale,incremental_append
STG_Load_Sale,04_staging,SQL Server Staging (raw),raw.SqlInvoice,SQL Server Staging,stg.SaleLine,incremental_append
STG_Load_Sale,04_staging,SQL Server Staging (raw),raw.SqlInvoiceLine,SQL Server Staging,stg.Sale,incremental_append
STG_Load_Sale,04_staging,SQL Server Staging (raw),raw.SqlInvoiceLine,SQL Server Staging,stg.SaleLine,incremental_append
STG_Load_Shipment,04_staging,SQL Server Staging (raw),raw.SqlShipment,SQL Server Staging,stg.Shipment,incremental_append
STG_Load_Shipment,04_staging,SQL Server Staging (raw),raw.SqlShipment,SQL Server Staging,stg.ShipmentLine,incremental_append
STG_Load_Shipment,04_staging,SQL Server Staging (raw),raw.SqlShipmentLine,SQL Server Staging,stg.Shipment,incremental_append
STG_Load_Shipment,04_staging,SQL Server Staging (raw),raw.SqlShipmentLine,SQL Server Staging,stg.ShipmentLine,incremental_append
STG_Load_StockItem,04_staging,SQL Server Staging (raw),raw.SqlStockItem,SQL Server Staging,stg.StockItem,truncate_reload
STG_Load_StockMovement,04_staging,SQL Server Staging (raw),raw.SqlStockMovement,SQL Server Staging,stg.StockMovement,incremental_append
STG_Load_Supplier,04_staging,SQL Server Staging (raw),raw.OracleSupplierMaster,SQL Server Staging,stg.Supplier,truncate_reload
STG_Load_TaxAndTerms,04_staging,SQL Server Staging (raw),raw.OraclePaymentTerms,SQL Server Staging,stg.PaymentTerms,truncate_reload
STG_Load_TaxAndTerms,04_staging,SQL Server Staging (raw),raw.OraclePaymentTerms,SQL Server Staging,stg.TaxRate,truncate_reload
STG_Load_TaxAndTerms,04_staging,SQL Server Staging (raw),raw.OracleTaxRate,SQL Server Staging,stg.PaymentTerms,truncate_reload
STG_Load_TaxAndTerms,04_staging,SQL Server Staging (raw),raw.OracleTaxRate,SQL Server Staging,stg.TaxRate,truncate_reload
STG_Load_VendorContract,04_staging,SQL Server Staging (raw),raw.OracleVendorContract,SQL Server Staging,stg.VendorContract,truncate_reload
STG_Load_WebSession,04_staging,SQL Server Staging (raw),raw.SqlWebSession,SQL Server Staging,stg.WebSession,incremental_append
STG_Work_CustomerDedup,04_staging,SQL Server Staging (raw),stg.Customer,SQL Server Staging,work.CustomerAddressStandardized,work_rebuild
STG_Work_CustomerDedup,04_staging,SQL Server Staging (raw),stg.Customer,SQL Server Staging,work.CustomerDedup,work_rebuild
STG_Work_CustomerDedup,04_staging,SQL Server Staging (raw),stg.CustomerAddress,SQL Server Staging,work.CustomerAddressStandardized,work_rebuild
STG_Work_CustomerDedup,04_staging,SQL Server Staging (raw),stg.CustomerAddress,SQL Server Staging,work.CustomerDedup,work_rebuild
STG_Work_InventoryPosition,04_staging,SQL Server Staging (raw),stg.StockMovement,SQL Server Staging,work.InventoryPositionDaily,work_rebuild
STG_Work_PaymentMatch,04_staging,SQL Server Staging (raw),stg.ApInvoice,SQL Server Staging,work.PaymentMatched,work_rebuild
STG_Work_PaymentMatch,04_staging,SQL Server Staging (raw),stg.Payment,SQL Server Staging,work.PaymentMatched,work_rebuild
STG_Work_ProductCrosswalk,04_staging,SQL Server Staging (raw),stg.Product,SQL Server Staging,work.ProductCrosswalk,work_rebuild
STG_Work_ProductCrosswalk,04_staging,SQL Server Staging (raw),stg.StockItem,SQL Server Staging,work.ProductCrosswalk,work_rebuild
