schema,object_name,object_type,layer,path
Aggregate,Customer 360,TABLE,sqlserver-dw,sqlserver/warehouse/aggregates/Aggregate.Customer Summaries.sql
Aggregate,Customer Rolling 12 Month,TABLE,sqlserver-dw,sqlserver/warehouse/aggregates/Aggregate.Customer Summaries.sql
Aggregate,Daily Inventory Health,TABLE,sqlserver-dw,sqlserver/warehouse/aggregates/Aggregate.Daily Summaries.sql
Aggregate,Daily Sales Summary,TABLE,sqlserver-dw,sqlserver/warehouse/aggregates/Aggregate.Daily Summaries.sql
Aggregate,Delivery Performance Summary,TABLE,sqlserver-dw,sqlserver/warehouse/aggregates/Aggregate.Delivery Performance Summary.sql
Aggregate,Finance Close Summary,TABLE,sqlserver-dw,sqlserver/warehouse/aggregates/Aggregate.Finance Close Summary.sql
Aggregate,Monthly Margin Analysis,TABLE,sqlserver-dw,sqlserver/warehouse/aggregates/Aggregate.Monthly Summaries.sql
Aggregate,Monthly Sales Summary,TABLE,sqlserver-dw,sqlserver/warehouse/aggregates/Aggregate.Monthly Summaries.sql
Aggregate,Product Performance,TABLE,sqlserver-dw,sqlserver/warehouse/aggregates/Aggregate.Product Performance.sql
Aggregate,Promotion Effectiveness,TABLE,sqlserver-dw,sqlserver/warehouse/aggregates/Aggregate.Promotion Effectiveness.sql
Aggregate,Regional Sales Performance,TABLE,sqlserver-dw,sqlserver/warehouse/aggregates/Aggregate.Regional Sales Performance.sql
Aggregate,Supplier Performance,TABLE,sqlserver-dw,sqlserver/warehouse/aggregates/Aggregate.Supplier Performance.sql
Application,EmployeeShifts,TABLE,sqlserver-oltp,sqlserver/oltp/02_extensions/2220_Application.EmployeeShifts.sql
Application,ExtensionAttributeDefinitions,TABLE,sqlserver-oltp,sqlserver/oltp/02_extensions/2230_Application.ExtensionAttributeDefinitions.sql
Application,ExtensionAttributeValues,TABLE,sqlserver-oltp,sqlserver/oltp/02_extensions/2240_Application.ExtensionAttributeValues.sql
Application,SalesTeamMembers,TABLE,sqlserver-oltp,sqlserver/oltp/02_extensions/2210_Application.SalesTeamMembers.sql
Application,SalesTeams,TABLE,sqlserver-oltp,sqlserver/oltp/02_extensions/2200_Application.SalesTeams.sql
Dimension,Buying Group,TABLE,sqlserver-dw,sqlserver/warehouse/dimensions/Dimension.Buying Group.sql
Dimension,Carrier,TABLE,sqlserver-dw,sqlserver/warehouse/dimensions/Dimension.Carrier.sql
Dimension,City,TABLE,sqlserver-dw,sqlserver/warehouse/dimensions/Dimension.City.sql
Dimension,Cost Center,TABLE,sqlserver-dw,sqlserver/warehouse/dimensions/Dimension.Cost Center.sql
Dimension,Country,TABLE,sqlserver-dw,sqlserver/warehouse/dimensions/Dimension.Country.sql
Dimension,Currency,TABLE,sqlserver-dw,sqlserver/warehouse/dimensions/Dimension.Currency.sql
Dimension,Customer,TABLE,sqlserver-dw,sqlserver/warehouse/dimensions/Dimension.Customer.sql
Dimension,Customer Buying Group Bridge,TABLE,sqlserver-dw,sqlserver/warehouse/dimensions/Dimension.Customer Buying Group Bridge.sql
Dimension,Customer Category,TABLE,sqlserver-dw,sqlserver/warehouse/dimensions/Dimension.Customer Category.sql
Dimension,Customer Demographic,TABLE,sqlserver-dw,sqlserver/warehouse/dimensions/Dimension.Customer Demographic.sql
Dimension,Customer Segment,TABLE,sqlserver-dw,sqlserver/warehouse/dimensions/Dimension.Customer Segment.sql
Dimension,Date,TABLE,sqlserver-dw,sqlserver/warehouse/dimensions/Dimension.Date.sql
Dimension,Employee,TABLE,sqlserver-dw,sqlserver/warehouse/dimensions/Dimension.Employee.sql
Dimension,Employee Territory Bridge,TABLE,sqlserver-dw,sqlserver/warehouse/dimensions/Dimension.Employee Territory Bridge.sql
Dimension,Fiscal Calendar,TABLE,sqlserver-dw,sqlserver/warehouse/dimensions/Dimension.Fiscal Calendar.sql
Dimension,GL Account,TABLE,sqlserver-dw,sqlserver/warehouse/dimensions/Dimension.GL Account.sql
Dimension,Geography,TABLE,sqlserver-dw,sqlserver/warehouse/dimensions/Dimension.Geography.sql
Dimension,Loyalty Tier,TABLE,sqlserver-dw,sqlserver/warehouse/dimensions/Dimension.Loyalty Tier.sql
Dimension,Order Status Junk,TABLE,sqlserver-dw,sqlserver/warehouse/dimensions/Dimension.Order Status Junk.sql
Dimension,Payment Method,TABLE,sqlserver-dw,sqlserver/warehouse/dimensions/Dimension.Payment Method.sql
Dimension,Payment Terms,TABLE,sqlserver-dw,sqlserver/warehouse/dimensions/Dimension.Payment Terms.sql
Dimension,Product Category,TABLE,sqlserver-dw,sqlserver/warehouse/dimensions/Dimension.Product Category.sql
Dimension,Product Hierarchy,TABLE,sqlserver-dw,sqlserver/warehouse/dimensions/Dimension.Product Hierarchy.sql
Dimension,Promotion,TABLE,sqlserver-dw,sqlserver/warehouse/dimensions/Dimension.Promotion.sql
Dimension,Region,TABLE,sqlserver-dw,sqlserver/warehouse/dimensions/Dimension.Region.sql
Dimension,Return Reason,TABLE,sqlserver-dw,sqlserver/warehouse/dimensions/Dimension.Return Reason.sql
Dimension,Sales Channel,TABLE,sqlserver-dw,sqlserver/warehouse/dimensions/Dimension.Sales Channel.sql
Dimension,Sales Territory,TABLE,sqlserver-dw,sqlserver/warehouse/dimensions/Dimension.Sales Territory.sql
Dimension,Salesperson,TABLE,sqlserver-dw,sqlserver/warehouse/dimensions/Dimension.Salesperson.sql
Dimension,Stock Item,TABLE,sqlserver-dw,sqlserver/warehouse/dimensions/Dimension.Stock Item.sql
Dimension,Supplier,TABLE,sqlserver-dw,sqlserver/warehouse/dimensions/Dimension.Supplier.sql
Dimension,Supplier Category,TABLE,sqlserver-dw,sqlserver/warehouse/dimensions/Dimension.Supplier Category.sql
Dimension,Tax Jurisdiction,TABLE,sqlserver-dw,sqlserver/warehouse/dimensions/Dimension.Tax Jurisdiction.sql
Dimension,Time,TABLE,sqlserver-dw,sqlserver/warehouse/dimensions/Dimension.Time.sql
Dimension,Transaction Type,TABLE,sqlserver-dw,sqlserver/warehouse/dimensions/Dimension.Transaction Type.sql
Dimension,Vendor Contract,TABLE,sqlserver-dw,sqlserver/warehouse/dimensions/Dimension.Vendor Contract.sql
Dimension,Warehouse Site,TABLE,sqlserver-dw,sqlserver/warehouse/dimensions/Dimension.Warehouse Site.sql
Dimension,vw_DeliveryDate,VIEW,sqlserver-dw,sqlserver/warehouse/dimensions/91_date_role_playing_views.sql
Dimension,vw_DueDate,VIEW,sqlserver-dw,sqlserver/warehouse/dimensions/91_date_role_playing_views.sql
Dimension,vw_InvoiceDate,VIEW,sqlserver-dw,sqlserver/warehouse/dimensions/91_date_role_playing_views.sql
Dimension,vw_OrderDate,VIEW,sqlserver-dw,sqlserver/warehouse/dimensions/91_date_role_playing_views.sql
Dimension,vw_OrderTime,VIEW,sqlserver-dw,sqlserver/warehouse/dimensions/91_date_role_playing_views.sql
Dimension,vw_PaymentDate,VIEW,sqlserver-dw,sqlserver/warehouse/dimensions/91_date_role_playing_views.sql
Dimension,vw_ReceivedDate,VIEW,sqlserver-dw,sqlserver/warehouse/dimensions/91_date_role_playing_views.sql
Dimension,vw_ShipDate,VIEW,sqlserver-dw,sqlserver/warehouse/dimensions/91_date_role_playing_views.sql
Dimension,vw_ShipTime,VIEW,sqlserver-dw,sqlserver/warehouse/dimensions/91_date_role_playing_views.sql
Ecommerce,CartHeaders,TABLE,sqlserver-oltp,sqlserver/oltp/01_tables/1610_Ecommerce.CartHeaders.sql
Ecommerce,CartLines,TABLE,sqlserver-oltp,sqlserver/oltp/01_tables/1620_Ecommerce.CartLines.sql
Ecommerce,ProductReviews,TABLE,sqlserver-oltp,sqlserver/oltp/01_tables/1630_Ecommerce.ProductReviews.sql
Ecommerce,WebSessions,TABLE,sqlserver-oltp,sqlserver/oltp/01_tables/1600_Ecommerce.WebSessions.sql
Ecommerce,WishListLines,TABLE,sqlserver-oltp,sqlserver/oltp/01_tables/1650_Ecommerce.WishListLines.sql
Ecommerce,WishLists,TABLE,sqlserver-oltp,sqlserver/oltp/01_tables/1640_Ecommerce.WishLists.sql
Ecommerce,tr_CartLines_MaintainCartTotals,TRIGGER,sqlserver-oltp,sqlserver/oltp/07_triggers/7070_Ecommerce.tr_CartLines_MaintainCartTotals.sql
Ecommerce,vw_WebConversionFunnel,VIEW,sqlserver-oltp,sqlserver/oltp/05_views/5130_Ecommerce.vw_WebConversionFunnel.sql
Fact,Credit Note,TABLE,sqlserver-dw,sqlserver/warehouse/facts/Fact.Credit Note.sql
Fact,Customer Transaction,TABLE,sqlserver-dw,sqlserver/warehouse/facts/Fact.Customer Transaction.sql
Fact,Daily Backlog,TABLE,sqlserver-dw,sqlserver/warehouse/facts/Fact.Daily Snapshots.sql
Fact,Daily Inventory Snapshot,TABLE,sqlserver-dw,sqlserver/warehouse/facts/Fact.Daily Snapshots.sql
Fact,Daily Sales Snapshot,TABLE,sqlserver-dw,sqlserver/warehouse/facts/Fact.Daily Snapshots.sql
Fact,Fact Load Hold,TABLE,sqlserver-dw,sqlserver/warehouse/facts/Fact.Fact Load Hold.sql
Fact,GL Posting,TABLE,sqlserver-dw,sqlserver/warehouse/facts/Fact.GL Posting.sql
Fact,Loyalty Points,TABLE,sqlserver-dw,sqlserver/warehouse/facts/Fact.Loyalty Points.sql
Fact,Monthly Ap Aging,TABLE,sqlserver-dw,sqlserver/warehouse/facts/Fact.Monthly Snapshots.sql
Fact,Monthly Ar Aging,TABLE,sqlserver-dw,sqlserver/warehouse/facts/Fact.Monthly Snapshots.sql
Fact,Monthly Customer Balance,TABLE,sqlserver-dw,sqlserver/warehouse/facts/Fact.Monthly Snapshots.sql
Fact,Monthly Salesperson Performance,TABLE,sqlserver-dw,sqlserver/warehouse/facts/Fact.Monthly Snapshots.sql
Fact,Order Fulfilment,TABLE,sqlserver-dw,sqlserver/warehouse/facts/Fact.Order Fulfilment.sql
Fact,Payment,TABLE,sqlserver-dw,sqlserver/warehouse/facts/Fact.Payment.sql
Fact,Procure To Pay,TABLE,sqlserver-dw,sqlserver/warehouse/facts/Fact.Procure To Pay.sql
Fact,Promotion Eligibility,TABLE,sqlserver-dw,sqlserver/warehouse/facts/Fact.Promotion Eligibility.sql
Fact,Purchase Receipt,TABLE,sqlserver-dw,sqlserver/warehouse/facts/Fact.Purchase Receipt.sql
Fact,Return,TABLE,sqlserver-dw,sqlserver/warehouse/facts/Fact.Return.sql
Fact,Sales Margin,TABLE,sqlserver-dw,sqlserver/warehouse/facts/Fact.Sales Margin.sql
Fact,Salesperson Territory Coverage,TABLE,sqlserver-dw,sqlserver/warehouse/facts/Fact.Salesperson Territory Coverage.sql
Fact,Shipment,TABLE,sqlserver-dw,sqlserver/warehouse/facts/Fact.Shipment.sql
Fact,Supplier Payment,TABLE,sqlserver-dw,sqlserver/warehouse/facts/Fact.Supplier Ledger.sql
Fact,Supplier Transaction,TABLE,sqlserver-dw,sqlserver/warehouse/facts/Fact.Supplier Ledger.sql
Fact,Web Session,TABLE,sqlserver-dw,sqlserver/warehouse/facts/Fact.Web Session.sql
Integration,ChangeTrackingWatermark,TABLE,sqlserver-oltp,sqlserver/oltp/01_tables/1720_Integration.ChangeTrackingWatermark.sql
Integration,DeletedRowLog,TABLE,sqlserver-oltp,sqlserver/oltp/02_extensions/2300_Integration.DeletedRowLog.sql
Integration,DimensionKeyRegistry,TABLE,sqlserver-dw,sqlserver/warehouse/dimensions/01_dimension_key_registry.sql
Integration,DimensionLoadAudit,TABLE,sqlserver-dw,sqlserver/warehouse/dimensions/01_dimension_key_registry.sql
Integration,InboundFileRegister,TABLE,sqlserver-oltp,sqlserver/oltp/01_tables/1710_Integration.InboundFileRegister.sql
Integration,InferredMemberQueue,TABLE,sqlserver-dw,sqlserver/warehouse/dimensions/01_dimension_key_registry.sql
Integration,OutboundInterfaceQueue,TABLE,sqlserver-oltp,sqlserver/oltp/01_tables/1700_Integration.OutboundInterfaceQueue.sql
Integration,usp_AllocateDimensionKeyRange,PROCEDURE,sqlserver-dw,sqlserver/procedures/dimensions/Integration.usp_AllocateDimensionKeyRange.sql
Integration,usp_ApplyFactCorrections,PROCEDURE,sqlserver-dw,sqlserver/procedures/facts/Integration.usp_ApplyFactCorrections.sql
Integration,usp_DeduplicateFactSale,PROCEDURE,sqlserver-dw,sqlserver/procedures/facts/Integration.usp_DeduplicateFactSale.sql
Integration,usp_EnqueueOutboundChanges,PROCEDURE,sqlserver-oltp,sqlserver/oltp/06_procedures/6190_Integration.usp_EnqueueOutboundChanges.sql
Integration,usp_EnrichInferredMembers,PROCEDURE,sqlserver-dw,sqlserver/procedures/dimensions/Integration.usp_EnrichInferredMembers.sql
Integration,usp_EnsureUnknownMembers,PROCEDURE,sqlserver-dw,sqlserver/procedures/dimensions/Integration.usp_EnsureUnknownMembers.sql
Integration,usp_GetChangeWatermark,PROCEDURE,sqlserver-oltp,sqlserver/oltp/06_procedures/6210_Integration.usp_GetChangeWatermark.sql
Integration,usp_InsertInferredMember,PROCEDURE,sqlserver-dw,sqlserver/procedures/dimensions/Integration.usp_InsertInferredMember.sql
Integration,usp_LoadBridgeCustomerBuyingGroup,PROCEDURE,sqlserver-dw,sqlserver/procedures/dimensions/Integration.usp_LoadBridgeCustomerBuyingGroup.sql
Integration,usp_LoadBridgeEmployeeTerritory,PROCEDURE,sqlserver-dw,sqlserver/procedures/dimensions/Integration.usp_LoadBridgeEmployeeTerritory.sql
Integration,usp_LoadCustomerDemographicMiniDimension,PROCEDURE,sqlserver-dw,sqlserver/procedures/dimensions/Integration.usp_LoadCustomerDemographicMiniDimension.sql
Integration,usp_LoadFactCreditNote,PROCEDURE,sqlserver-dw,sqlserver/procedures/facts/Integration.usp_LoadFactCreditNote.sql
Integration,usp_LoadFactDailyInventorySnapshot,PROCEDURE,sqlserver-dw,sqlserver/procedures/facts/Integration.usp_LoadFactDailyInventorySnapshot.sql
Integration,usp_LoadFactDailySalesSnapshot,PROCEDURE,sqlserver-dw,sqlserver/procedures/facts/Integration.usp_LoadFactDailySalesSnapshot.sql
Integration,usp_LoadFactGlPosting,PROCEDURE,sqlserver-dw,sqlserver/procedures/facts/Integration.usp_LoadFactGlPosting.sql
Integration,usp_LoadFactLoyaltyPoints,PROCEDURE,sqlserver-dw,sqlserver/procedures/facts/Integration.usp_LoadFactLoyaltyPoints.sql
Integration,usp_LoadFactMovement,PROCEDURE,sqlserver-dw,sqlserver/procedures/facts/Integration.usp_LoadFactMovement.sql
Integration,usp_LoadFactOrder,PROCEDURE,sqlserver-dw,sqlserver/procedures/facts/Integration.usp_LoadFactOrder.sql
Integration,usp_LoadFactOrderFulfilment,PROCEDURE,sqlserver-dw,sqlserver/procedures/facts/Integration.usp_LoadFactOrderFulfilment.sql
Integration,usp_LoadFactPayment,PROCEDURE,sqlserver-dw,sqlserver/procedures/facts/Integration.usp_LoadFactPayment.sql
Integration,usp_LoadFactPurchase,PROCEDURE,sqlserver-dw,sqlserver/procedures/facts/Integration.usp_LoadFactPurchase.sql
Integration,usp_LoadFactPurchaseReceipt,PROCEDURE,sqlserver-dw,sqlserver/procedures/facts/Integration.usp_LoadFactPurchaseReceipt.sql
Integration,usp_LoadFactReturn,PROCEDURE,sqlserver-dw,sqlserver/procedures/facts/Integration.usp_LoadFactReturn.sql
Integration,usp_LoadFactSale,PROCEDURE,sqlserver-dw,sqlserver/procedures/facts/Integration.usp_LoadFactSale.sql
Integration,usp_LoadFactShipment,PROCEDURE,sqlserver-dw,sqlserver/procedures/facts/Integration.usp_LoadFactShipment.sql
Integration,usp_LoadFactStockHolding,PROCEDURE,sqlserver-dw,sqlserver/procedures/facts/Integration.usp_LoadFactStockHolding.sql
Integration,usp_LoadFactSupplierPayment,PROCEDURE,sqlserver-dw,sqlserver/procedures/facts/Integration.usp_LoadFactSupplierPayment.sql
Integration,usp_LoadFactWebSession,PROCEDURE,sqlserver-dw,sqlserver/procedures/facts/Integration.usp_LoadFactWebSession.sql
Integration,usp_LoadGlAccountHierarchy,PROCEDURE,sqlserver-dw,sqlserver/procedures/dimensions/Integration.usp_LoadGlAccountHierarchy.sql
Integration,usp_LoadJunkDimensionOrderStatus,PROCEDURE,sqlserver-dw,sqlserver/procedures/dimensions/Integration.usp_LoadJunkDimensionOrderStatus.sql
Integration,usp_LoadProductHierarchy,PROCEDURE,sqlserver-dw,sqlserver/procedures/dimensions/Integration.usp_LoadProductHierarchy.sql
Integration,usp_LoadSupplierCategoryDimension,PROCEDURE,sqlserver-dw,sqlserver/procedures/dimensions/Integration.usp_LoadSupplierCategoryDimension.sql
Integration,usp_MigrateStagedBuyingGroupData,PROCEDURE,sqlserver-dw,sqlserver/procedures/dimensions/Integration.usp_MigrateStagedBuyingGroupData.sql
Integration,usp_MigrateStagedCarrierData,PROCEDURE,sqlserver-dw,sqlserver/procedures/dimensions/Integration.usp_MigrateStagedCarrierData.sql
Integration,usp_MigrateStagedCityData,PROCEDURE,sqlserver-dw,sqlserver/procedures/dimensions/Integration.usp_MigrateStagedCityData.sql
Integration,usp_MigrateStagedCostCenterData,PROCEDURE,sqlserver-dw,sqlserver/procedures/dimensions/Integration.usp_MigrateStagedCostCenterData.sql
Integration,usp_MigrateStagedCurrencyData,PROCEDURE,sqlserver-dw,sqlserver/procedures/dimensions/Integration.usp_MigrateStagedCurrencyData.sql
Integration,usp_MigrateStagedCustomerCategoryData,PROCEDURE,sqlserver-dw,sqlserver/procedures/dimensions/Integration.usp_MigrateStagedCustomerCategoryData.sql
Integration,usp_MigrateStagedCustomerDataV2,PROCEDURE,sqlserver-dw,sqlserver/procedures/dimensions/Integration.usp_MigrateStagedCustomerDataV2.sql
Integration,usp_MigrateStagedCustomerSegmentData,PROCEDURE,sqlserver-dw,sqlserver/procedures/dimensions/Integration.usp_MigrateStagedCustomerSegmentData.sql
Integration,usp_MigrateStagedEmployeeData,PROCEDURE,sqlserver-dw,sqlserver/procedures/dimensions/Integration.usp_MigrateStagedEmployeeData.sql
Integration,usp_MigrateStagedGeographyData,PROCEDURE,sqlserver-dw,sqlserver/procedures/dimensions/Integration.usp_MigrateStagedGeographyData.sql
Integration,usp_MigrateStagedLoyaltyTierData,PROCEDURE,sqlserver-dw,sqlserver/procedures/dimensions/Integration.usp_MigrateStagedLoyaltyTierData.sql
Integration,usp_MigrateStagedPaymentMethodData,PROCEDURE,sqlserver-dw,sqlserver/procedures/dimensions/Integration.usp_MigrateStagedPaymentMethodData.sql
Integration,usp_MigrateStagedPaymentTermsData,PROCEDURE,sqlserver-dw,sqlserver/procedures/dimensions/Integration.usp_MigrateStagedPaymentTermsData.sql
Integration,usp_MigrateStagedProductData,PROCEDURE,sqlserver-dw,sqlserver/procedures/dimensions/Integration.usp_MigrateStagedProductData.sql
Integration,usp_MigrateStagedPromotionData,PROCEDURE,sqlserver-dw,sqlserver/procedures/dimensions/Integration.usp_MigrateStagedPromotionData.sql
Integration,usp_MigrateStagedReturnReasonData,PROCEDURE,sqlserver-dw,sqlserver/procedures/dimensions/Integration.usp_MigrateStagedReturnReasonData.sql
Integration,usp_MigrateStagedSalesChannelData,PROCEDURE,sqlserver-dw,sqlserver/procedures/dimensions/Integration.usp_MigrateStagedSalesChannelData.sql
Integration,usp_MigrateStagedSalesTerritoryData,PROCEDURE,sqlserver-dw,sqlserver/procedures/dimensions/Integration.usp_MigrateStagedSalesTerritoryData.sql
Integration,usp_MigrateStagedSalespersonData,PROCEDURE,sqlserver-dw,sqlserver/procedures/dimensions/Integration.usp_MigrateStagedSalespersonData.sql
Integration,usp_MigrateStagedStockItemData,PROCEDURE,sqlserver-dw,sqlserver/procedures/dimensions/Integration.usp_MigrateStagedStockItemData.sql
Integration,usp_MigrateStagedSupplierDataV2,PROCEDURE,sqlserver-dw,sqlserver/procedures/dimensions/Integration.usp_MigrateStagedSupplierDataV2.sql
Integration,usp_MigrateStagedTransactionTypeData,PROCEDURE,sqlserver-dw,sqlserver/procedures/dimensions/Integration.usp_MigrateStagedTransactionTypeData.sql
Integration,usp_MigrateStagedVendorContractData,PROCEDURE,sqlserver-dw,sqlserver/procedures/dimensions/Integration.usp_MigrateStagedVendorContractData.sql
Integration,usp_MigrateStagedWarehouseSiteData,PROCEDURE,sqlserver-dw,sqlserver/procedures/dimensions/Integration.usp_MigrateStagedWarehouseSiteData.sql
Integration,usp_PopulateDateDimension,PROCEDURE,sqlserver-dw,sqlserver/procedures/dimensions/Integration.usp_PopulateDateDimension.sql
Integration,usp_PopulateDateDimensionRange,PROCEDURE,sqlserver-dw,sqlserver/procedures/facts/Integration.usp_PopulateDateDimensionRange.sql
Integration,usp_PopulateTimeDimension,PROCEDURE,sqlserver-dw,sqlserver/procedures/dimensions/Integration.usp_PopulateTimeDimension.sql
Integration,usp_PublishReportingLayer,PROCEDURE,sqlserver-dw,sqlserver/procedures/facts/Integration.usp_PublishReportingLayer.sql
Integration,usp_RebuildColumnstoreIndexes,PROCEDURE,sqlserver-dw,sqlserver/procedures/facts/Integration.usp_RebuildColumnstoreIndexes.sql
Integration,usp_RefreshAggregateCustomer360,PROCEDURE,sqlserver-dw,sqlserver/procedures/facts/Integration.usp_RefreshAggregateCustomer360.sql
Integration,usp_RefreshAggregateDailySales,PROCEDURE,sqlserver-dw,sqlserver/procedures/facts/Integration.usp_RefreshAggregateDailySales.sql
Integration,usp_RefreshAggregateDeliveryPerformance,PROCEDURE,sqlserver-dw,sqlserver/procedures/facts/Integration.usp_RefreshAggregateDeliveryPerformance.sql
Integration,usp_RefreshAggregateFinanceClose,PROCEDURE,sqlserver-dw,sqlserver/procedures/facts/Integration.usp_RefreshAggregateFinanceClose.sql
Integration,usp_RefreshAggregateInventoryHealth,PROCEDURE,sqlserver-dw,sqlserver/procedures/facts/Integration.usp_RefreshAggregateInventoryHealth.sql
Integration,usp_RefreshAggregateMarginAnalysis,PROCEDURE,sqlserver-dw,sqlserver/procedures/facts/Integration.usp_RefreshAggregateMarginAnalysis.sql
Integration,usp_RefreshAggregateMonthlySales,PROCEDURE,sqlserver-dw,sqlserver/procedures/facts/Integration.usp_RefreshAggregateMonthlySales.sql
Integration,usp_RefreshAggregateProductPerformance,PROCEDURE,sqlserver-dw,sqlserver/procedures/facts/Integration.usp_RefreshAggregateProductPerformance.sql
Integration,usp_RefreshAggregatePromotionEffectiveness,PROCEDURE,sqlserver-dw,sqlserver/procedures/facts/Integration.usp_RefreshAggregatePromotionEffectiveness.sql
Integration,usp_RefreshAggregateRegionalSales,PROCEDURE,sqlserver-dw,sqlserver/procedures/facts/Integration.usp_RefreshAggregateRegionalSales.sql
Integration,usp_RefreshAggregateSupplierPerformance,PROCEDURE,sqlserver-dw,sqlserver/procedures/facts/Integration.usp_RefreshAggregateSupplierPerformance.sql
Integration,usp_RegisterInboundFile,PROCEDURE,sqlserver-oltp,sqlserver/oltp/06_procedures/6200_Integration.usp_RegisterInboundFile.sql
Integration,usp_RekeyLateArrivingDimensions,PROCEDURE,sqlserver-dw,sqlserver/procedures/facts/Integration.usp_RekeyLateArrivingDimensions.sql
Integration,usp_SetChangeWatermark,PROCEDURE,sqlserver-oltp,sqlserver/oltp/06_procedures/6220_Integration.usp_SetChangeWatermark.sql
Integration,vw_ChangedKeysSinceWatermark,VIEW,sqlserver-oltp,sqlserver/oltp/05_views/5140_Integration.vw_ChangedKeysSinceWatermark.sql
Integration,vw_DeletedKeysForExtract,VIEW,sqlserver-oltp,sqlserver/oltp/05_views/5150_Integration.vw_DeletedKeysForExtract.sql
Loyalty,LoyaltyMembers,TABLE,sqlserver-oltp,sqlserver/oltp/01_tables/1520_Loyalty.LoyaltyMembers.sql
Loyalty,LoyaltyPointsLedger,TABLE,sqlserver-oltp,sqlserver/oltp/01_tables/1530_Loyalty.LoyaltyPointsLedger.sql
Loyalty,LoyaltyPrograms,TABLE,sqlserver-oltp,sqlserver/oltp/01_tables/1500_Loyalty.LoyaltyPrograms.sql
Loyalty,LoyaltyRedemptions,TABLE,sqlserver-oltp,sqlserver/oltp/01_tables/1540_Loyalty.LoyaltyRedemptions.sql
Loyalty,LoyaltyTiers,TABLE,sqlserver-oltp,sqlserver/oltp/01_tables/1510_Loyalty.LoyaltyTiers.sql
Loyalty,tr_LoyaltyPointsLedger_MaintainBalance,TRIGGER,sqlserver-oltp,sqlserver/oltp/07_triggers/7060_Loyalty.tr_LoyaltyPointsLedger_MaintainBalance.sql
Loyalty,ufn_PointsForAmount,FUNCTION,sqlserver-oltp,sqlserver/oltp/04_functions/4060_Loyalty.ufn_PointsForAmount.sql
Loyalty,usp_AccruePointsForInvoice,PROCEDURE,sqlserver-oltp,sqlserver/oltp/06_procedures/6160_Loyalty.usp_AccruePointsForInvoice.sql
Loyalty,usp_RecalculateMemberTier,PROCEDURE,sqlserver-oltp,sqlserver/oltp/06_procedures/6180_Loyalty.usp_RecalculateMemberTier.sql
Loyalty,usp_RedeemLoyaltyPoints,PROCEDURE,sqlserver-oltp,sqlserver/oltp/06_procedures/6170_Loyalty.usp_RedeemLoyaltyPoints.sql
Loyalty,vw_LoyaltyBalance,VIEW,sqlserver-oltp,sqlserver/oltp/05_views/5120_Loyalty.vw_LoyaltyBalance.sql
Report,vw_ApAgingCurrent,VIEW,sqlserver-dw,sqlserver/views/Report.vw_ApAgingCurrent.sql
Report,vw_Customer360,VIEW,sqlserver-dw,sqlserver/views/Report.vw_Customer360.sql
Report,vw_CustomerChurnRisk,VIEW,sqlserver-dw,sqlserver/views/Report.vw_CustomerChurnRisk.sql
Report,vw_DailySalesTrend,VIEW,sqlserver-dw,sqlserver/views/Report.vw_DailySalesTrend.sql
Report,vw_FinanceCloseStatus,VIEW,sqlserver-dw,sqlserver/views/Report.vw_FinanceCloseStatus.sql
Report,vw_InventoryHealthCurrent,VIEW,sqlserver-dw,sqlserver/views/Report.vw_InventoryHealthCurrent.sql
Report,vw_LoyaltyProgramSummary,VIEW,sqlserver-dw,sqlserver/views/Report.vw_LoyaltyProgramSummary.sql
Report,vw_MarginByProductCategory,VIEW,sqlserver-dw,sqlserver/views/Report.vw_MarginByProductCategory.sql
Report,vw_OrderToCashCycle,VIEW,sqlserver-dw,sqlserver/views/Report.vw_OrderToCashCycle.sql
Report,vw_PromotionRoi,VIEW,sqlserver-dw,sqlserver/views/Report.vw_PromotionRoi.sql
Report,vw_ReturnsRateByCategory,VIEW,sqlserver-dw,sqlserver/views/Report.vw_ReturnsRateByCategory.sql
Report,vw_SalesByCustomerMonth,VIEW,sqlserver-dw,sqlserver/views/Report.vw_SalesByCustomerMonth.sql
Report,vw_SalesByProductMonth,VIEW,sqlserver-dw,sqlserver/views/Report.vw_SalesByProductMonth.sql
Report,vw_SalesByTerritoryMonth,VIEW,sqlserver-dw,sqlserver/views/Report.vw_SalesByTerritoryMonth.sql
Report,vw_SupplierOnTimeDelivery,VIEW,sqlserver-dw,sqlserver/views/Report.vw_SupplierOnTimeDelivery.sql
Report,vw_SupplierSpendYtd,VIEW,sqlserver-dw,sqlserver/views/Report.vw_SupplierSpendYtd.sql
Returns,CreditNoteLines,TABLE,sqlserver-oltp,sqlserver/oltp/01_tables/1450_Returns.CreditNoteLines.sql
Returns,CreditNotes,TABLE,sqlserver-oltp,sqlserver/oltp/01_tables/1440_Returns.CreditNotes.sql
Returns,ReturnAuthorizations,TABLE,sqlserver-oltp,sqlserver/oltp/01_tables/1410_Returns.ReturnAuthorizations.sql
Returns,ReturnInspections,TABLE,sqlserver-oltp,sqlserver/oltp/01_tables/1430_Returns.ReturnInspections.sql
Returns,ReturnLines,TABLE,sqlserver-oltp,sqlserver/oltp/01_tables/1420_Returns.ReturnLines.sql
Returns,ReturnReasons,TABLE,sqlserver-oltp,sqlserver/oltp/01_tables/1400_Returns.ReturnReasons.sql
Returns,ufn_RestockingFee,FUNCTION,sqlserver-oltp,sqlserver/oltp/04_functions/4050_Returns.ufn_RestockingFee.sql
Returns,usp_AuthorizeReturn,PROCEDURE,sqlserver-oltp,sqlserver/oltp/06_procedures/6130_Returns.usp_AuthorizeReturn.sql
Returns,usp_IssueCreditNote,PROCEDURE,sqlserver-oltp,sqlserver/oltp/06_procedures/6150_Returns.usp_IssueCreditNote.sql
Returns,usp_PostReturnInspection,PROCEDURE,sqlserver-oltp,sqlserver/oltp/06_procedures/6140_Returns.usp_PostReturnInspection.sql
Returns,vw_CreditNoteExtract,VIEW,sqlserver-oltp,sqlserver/oltp/05_views/5110_Returns.vw_CreditNoteExtract.sql
Returns,vw_ReturnExtract,VIEW,sqlserver-oltp,sqlserver/oltp/05_views/5100_Returns.vw_ReturnExtract.sql
Sales,Backorders,TABLE,sqlserver-oltp,sqlserver/oltp/02_extensions/2130_Sales.Backorders.sql
Sales,CommissionAccruals,TABLE,sqlserver-oltp,sqlserver/oltp/01_tables/1110_Sales.CommissionAccruals.sql
Sales,CommissionPlans,TABLE,sqlserver-oltp,sqlserver/oltp/01_tables/1100_Sales.CommissionPlans.sql
Sales,CustomerCreditHolds,TABLE,sqlserver-oltp,sqlserver/oltp/02_extensions/2190_Sales.CustomerCreditHolds.sql
Sales,CustomerDisputes,TABLE,sqlserver-oltp,sqlserver/oltp/02_extensions/2170_Sales.CustomerDisputes.sql
Sales,CustomerPayments,TABLE,sqlserver-oltp,sqlserver/oltp/02_extensions/2140_Sales.CustomerPayments.sql
Sales,CustomerSegmentAssignments,TABLE,sqlserver-oltp,sqlserver/oltp/01_tables/1130_Sales.CustomerSegmentAssignments.sql
Sales,CustomerSegments,TABLE,sqlserver-oltp,sqlserver/oltp/01_tables/1120_Sales.CustomerSegments.sql
Sales,CustomerStatements,TABLE,sqlserver-oltp,sqlserver/oltp/02_extensions/2160_Sales.CustomerStatements.sql
Sales,CustomerWriteOffs,TABLE,sqlserver-oltp,sqlserver/oltp/02_extensions/2180_Sales.CustomerWriteOffs.sql
Sales,OrderAllocations,TABLE,sqlserver-oltp,sqlserver/oltp/02_extensions/2120_Sales.OrderAllocations.sql
Sales,OrderAmendments,TABLE,sqlserver-oltp,sqlserver/oltp/02_extensions/2110_Sales.OrderAmendments.sql
Sales,OrderDeletionLog,TABLE,sqlserver-oltp,sqlserver/oltp/02_extensions/2310_Sales.OrderDeletionLog.sql
Sales,OrderDiscounts,TABLE,sqlserver-oltp,sqlserver/oltp/01_tables/1080_Sales.OrderDiscounts.sql
Sales,OrderHolds,TABLE,sqlserver-oltp,sqlserver/oltp/02_extensions/2100_Sales.OrderHolds.sql
Sales,PaymentAllocations,TABLE,sqlserver-oltp,sqlserver/oltp/02_extensions/2150_Sales.PaymentAllocations.sql
Sales,PriceListLines,TABLE,sqlserver-oltp,sqlserver/oltp/01_tables/1040_Sales.PriceListLines.sql
Sales,PriceLists,TABLE,sqlserver-oltp,sqlserver/oltp/01_tables/1030_Sales.PriceLists.sql
Sales,PromotionLines,TABLE,sqlserver-oltp,sqlserver/oltp/01_tables/1060_Sales.PromotionLines.sql
Sales,PromotionRedemptions,TABLE,sqlserver-oltp,sqlserver/oltp/01_tables/1070_Sales.PromotionRedemptions.sql
Sales,Promotions,TABLE,sqlserver-oltp,sqlserver/oltp/01_tables/1050_Sales.Promotions.sql
Sales,QuoteHeaders,TABLE,sqlserver-oltp,sqlserver/oltp/01_tables/1140_Sales.QuoteHeaders.sql
Sales,QuoteLines,TABLE,sqlserver-oltp,sqlserver/oltp/01_tables/1150_Sales.QuoteLines.sql
Sales,SalesChannels,TABLE,sqlserver-oltp,sqlserver/oltp/01_tables/1010_Sales.SalesChannels.sql
Sales,SalesQuotas,TABLE,sqlserver-oltp,sqlserver/oltp/01_tables/1090_Sales.SalesQuotas.sql
Sales,SalesTerritories,TABLE,sqlserver-oltp,sqlserver/oltp/01_tables/1020_Sales.SalesTerritories.sql
Sales,tr_CustomerPayments_MaintainCreditPosition,TRIGGER,sqlserver-oltp,sqlserver/oltp/07_triggers/7030_Sales.tr_CustomerPayments_MaintainCreditPosition.sql
Sales,tr_OrderLines_MaintainOrderTotals,TRIGGER,sqlserver-oltp,sqlserver/oltp/07_triggers/7020_Sales.tr_OrderLines_MaintainOrderTotals.sql
Sales,tr_Orders_Amendment,TRIGGER,sqlserver-oltp,sqlserver/oltp/07_triggers/7000_Sales.tr_Orders_Amendment.sql
Sales,tr_Orders_DeletionLog,TRIGGER,sqlserver-oltp,sqlserver/oltp/07_triggers/7010_Sales.tr_Orders_DeletionLog.sql
Sales,ufn_CommissionRate,FUNCTION,sqlserver-oltp,sqlserver/oltp/04_functions/4020_Sales.ufn_CommissionRate.sql
Sales,ufn_DiscountPercentForCustomer,FUNCTION,sqlserver-oltp,sqlserver/oltp/04_functions/4010_Sales.ufn_DiscountPercentForCustomer.sql
Sales,ufn_LineNetAmount,FUNCTION,sqlserver-oltp,sqlserver/oltp/04_functions/4000_Sales.ufn_LineNetAmount.sql
Sales,usp_ApplyPromotionToOrder,PROCEDURE,sqlserver-oltp,sqlserver/oltp/06_procedures/6000_Sales.usp_ApplyPromotionToOrder.sql
Sales,usp_AssignCustomerSegments,PROCEDURE,sqlserver-oltp,sqlserver/oltp/06_procedures/6030_Sales.usp_AssignCustomerSegments.sql
Sales,usp_CalculateOrderDiscounts,PROCEDURE,sqlserver-oltp,sqlserver/oltp/06_procedures/6010_Sales.usp_CalculateOrderDiscounts.sql
Sales,usp_ConvertQuoteToOrder,PROCEDURE,sqlserver-oltp,sqlserver/oltp/06_procedures/6040_Sales.usp_ConvertQuoteToOrder.sql
Sales,usp_RecalculateCommissionAccruals,PROCEDURE,sqlserver-oltp,sqlserver/oltp/06_procedures/6020_Sales.usp_RecalculateCommissionAccruals.sql
Sales,usp_RefreshSalesQuotaAttainment,PROCEDURE,sqlserver-oltp,sqlserver/oltp/06_procedures/6050_Sales.usp_RefreshSalesQuotaAttainment.sql
Sales,vw_CustomerSegmentCurrent,VIEW,sqlserver-oltp,sqlserver/oltp/05_views/5030_Sales.vw_CustomerSegmentCurrent.sql
Sales,vw_InvoiceExtract,VIEW,sqlserver-oltp,sqlserver/oltp/05_views/5010_Sales.vw_InvoiceExtract.sql
Sales,vw_OrderLineExtract,VIEW,sqlserver-oltp,sqlserver/oltp/05_views/5000_Sales.vw_OrderLineExtract.sql
Sales,vw_PromotionEffectiveness,VIEW,sqlserver-oltp,sqlserver/oltp/05_views/5020_Sales.vw_PromotionEffectiveness.sql
Sales,vw_SalespersonPerformance,VIEW,sqlserver-oltp,sqlserver/oltp/05_views/5040_Sales.vw_SalespersonPerformance.sql
Sequences,CreditNoteID,SEQUENCE,sqlserver-oltp,sqlserver/oltp/00_schemas/0010_sequences.sql
Sequences,LoyaltyMemberNumber,SEQUENCE,sqlserver-oltp,sqlserver/oltp/00_schemas/0010_sequences.sql
Sequences,OutboundMessageID,SEQUENCE,sqlserver-oltp,sqlserver/oltp/00_schemas/0010_sequences.sql
Sequences,PromotionID,SEQUENCE,sqlserver-oltp,sqlserver/oltp/00_schemas/0010_sequences.sql
Sequences,QuoteID,SEQUENCE,sqlserver-oltp,sqlserver/oltp/00_schemas/0010_sequences.sql
Sequences,ReturnAuthorizationID,SEQUENCE,sqlserver-oltp,sqlserver/oltp/00_schemas/0010_sequences.sql
Sequences,ShipmentID,SEQUENCE,sqlserver-oltp,sqlserver/oltp/00_schemas/0010_sequences.sql
Sequences,ShipmentLineID,SEQUENCE,sqlserver-oltp,sqlserver/oltp/00_schemas/0010_sequences.sql
Sequences,StockMovementID,SEQUENCE,sqlserver-oltp,sqlserver/oltp/00_schemas/0010_sequences.sql
Shipping,Carriers,TABLE,sqlserver-oltp,sqlserver/oltp/01_tables/1300_Shipping.Carriers.sql
Shipping,CustomsDeclarations,TABLE,sqlserver-oltp,sqlserver/oltp/01_tables/1380_Shipping.CustomsDeclarations.sql
Shipping,DeliveryRoutes,TABLE,sqlserver-oltp,sqlserver/oltp/01_tables/1330_Shipping.DeliveryRoutes.sql
Shipping,DeliveryStops,TABLE,sqlserver-oltp,sqlserver/oltp/01_tables/1370_Shipping.DeliveryStops.sql
Shipping,FreightRates,TABLE,sqlserver-oltp,sqlserver/oltp/01_tables/1320_Shipping.FreightRates.sql
Shipping,PackagingTypes,TABLE,sqlserver-oltp,sqlserver/oltp/01_tables/1310_Shipping.PackagingTypes.sql
Shipping,ShipmentEvents,TABLE,sqlserver-oltp,sqlserver/oltp/01_tables/1360_Shipping.ShipmentEvents.sql
Shipping,ShipmentHeaders,TABLE,sqlserver-oltp,sqlserver/oltp/01_tables/1340_Shipping.ShipmentHeaders.sql
Shipping,ShipmentLines,TABLE,sqlserver-oltp,sqlserver/oltp/01_tables/1350_Shipping.ShipmentLines.sql
Shipping,ufn_FreightCost,FUNCTION,sqlserver-oltp,sqlserver/oltp/04_functions/4040_Shipping.ufn_FreightCost.sql
Shipping,usp_CreateShipmentFromOrder,PROCEDURE,sqlserver-oltp,sqlserver/oltp/06_procedures/6100_Shipping.usp_CreateShipmentFromOrder.sql
Shipping,usp_RateShipment,PROCEDURE,sqlserver-oltp,sqlserver/oltp/06_procedures/6120_Shipping.usp_RateShipment.sql
Shipping,usp_RecordShipmentEvent,PROCEDURE,sqlserver-oltp,sqlserver/oltp/06_procedures/6110_Shipping.usp_RecordShipmentEvent.sql
Shipping,vw_DeliveryPerformance,VIEW,sqlserver-oltp,sqlserver/oltp/05_views/5090_Shipping.vw_DeliveryPerformance.sql
Shipping,vw_ShipmentExtract,VIEW,sqlserver-oltp,sqlserver/oltp/05_views/5080_Shipping.vw_ShipmentExtract.sql
WWI_AUDIT,CHANGE_LOG,TABLE,oracle,oracle/tables/WWI_AUDIT.CHANGE_LOG.sql
WWI_AUDIT,EXTRACT_CONTROL,TABLE,oracle,oracle/tables/WWI_AUDIT.EXTRACT_CONTROL.sql
WWI_AUDIT,INTERFACE_ERROR,TABLE,oracle,oracle/tables/WWI_AUDIT.INTERFACE_ERROR.sql
WWI_AUDIT,PKG_DATA_QUALITY,PACKAGE,oracle,oracle/packages/WWI_AUDIT.PKG_DATA_QUALITY.pks.sql
WWI_AUDIT,PKG_DATA_QUALITY,PACKAGE BODY,oracle,oracle/packages/WWI_AUDIT.PKG_DATA_QUALITY.pkb.sql
WWI_AUDIT,PKG_EXTRACT_CONTROL,PACKAGE,oracle,oracle/packages/WWI_AUDIT.PKG_EXTRACT_CONTROL.pks.sql
WWI_AUDIT,PKG_EXTRACT_CONTROL,PACKAGE BODY,oracle,oracle/packages/WWI_AUDIT.PKG_EXTRACT_CONTROL.pkb.sql
WWI_AUDIT,PRC_ADVANCE_WATERMARKS,PROCEDURE,oracle,oracle/procedures/WWI_AUDIT.PRC_ADVANCE_WATERMARKS.sql
WWI_AUDIT,PRC_PREPARE_CUSTOMER_EXTRACT,PROCEDURE,oracle,oracle/procedures/WWI_AUDIT.PRC_PREPARE_CUSTOMER_EXTRACT.sql
WWI_AUDIT,PRC_PREPARE_INVOICE_EXTRACT,PROCEDURE,oracle,oracle/procedures/WWI_AUDIT.PRC_PREPARE_INVOICE_EXTRACT.sql
WWI_AUDIT,PRC_PURGE_ERP_HISTORY,PROCEDURE,oracle,oracle/procedures/WWI_AUDIT.PRC_PURGE_ERP_HISTORY.sql
WWI_AUDIT,PRC_RUN_DQ_CHECKS,PROCEDURE,oracle,oracle/procedures/WWI_AUDIT.PRC_RUN_DQ_CHECKS.sql
WWI_AUDIT,PURGE_LOG,TABLE,oracle,oracle/tables/WWI_AUDIT.PURGE_LOG.sql
WWI_AUDIT,SEQ_CHANGE_LOG,SEQUENCE,oracle,oracle/tables/WWI_AUDIT.CHANGE_LOG.sql
WWI_AUDIT,SEQ_EXTRACT_CONTROL,SEQUENCE,oracle,oracle/tables/WWI_AUDIT.EXTRACT_CONTROL.sql
WWI_AUDIT,SEQ_EXTRACT_RUN,SEQUENCE,oracle,oracle/tables/WWI_AUDIT.EXTRACT_CONTROL.sql
WWI_AUDIT,SEQ_INTERFACE_ERROR,SEQUENCE,oracle,oracle/tables/WWI_AUDIT.INTERFACE_ERROR.sql
WWI_AUDIT,SEQ_PURGE_LOG,SEQUENCE,oracle,oracle/tables/WWI_AUDIT.PURGE_LOG.sql
WWI_AUDIT,V_EXTRACT_WATERMARK,VIEW,oracle,oracle/views/WWI_AUDIT.V_EXTRACT_WATERMARK.sql
WWI_EXTRACT,AP_INVOICE_HDR,SYNONYM,oracle,oracle/ddl/07_create_synonyms.sql
WWI_EXTRACT,AP_INVOICE_LINE,SYNONYM,oracle,oracle/ddl/07_create_synonyms.sql
WWI_EXTRACT,AP_PAYMENT,SYNONYM,oracle,oracle/ddl/07_create_synonyms.sql
WWI_EXTRACT,CHANGE_LOG,SYNONYM,oracle,oracle/ddl/07_create_synonyms.sql
WWI_EXTRACT,COST_CENTER,SYNONYM,oracle,oracle/ddl/07_create_synonyms.sql
WWI_EXTRACT,CUST_ADDRESS,SYNONYM,oracle,oracle/ddl/07_create_synonyms.sql
WWI_EXTRACT,CUST_CONTACT,SYNONYM,oracle,oracle/ddl/07_create_synonyms.sql
WWI_EXTRACT,CUST_CREDIT_PROFILE,SYNONYM,oracle,oracle/ddl/07_create_synonyms.sql
WWI_EXTRACT,CUST_MASTER,SYNONYM,oracle,oracle/ddl/07_create_synonyms.sql
WWI_EXTRACT,EXTRACT_CONTROL,SYNONYM,oracle,oracle/ddl/07_create_synonyms.sql
WWI_EXTRACT,GL_JOURNAL_HDR,SYNONYM,oracle,oracle/ddl/07_create_synonyms.sql
WWI_EXTRACT,GL_JOURNAL_LINE,SYNONYM,oracle,oracle/ddl/07_create_synonyms.sql
WWI_EXTRACT,INTERFACE_ERROR,SYNONYM,oracle,oracle/ddl/07_create_synonyms.sql
WWI_EXTRACT,PARTY_XREF,SYNONYM,oracle,oracle/ddl/07_create_synonyms.sql
WWI_EXTRACT,PO_RECEIPT_HDR,SYNONYM,oracle,oracle/ddl/07_create_synonyms.sql
WWI_EXTRACT,PO_RECEIPT_LINE,SYNONYM,oracle,oracle/ddl/07_create_synonyms.sql
WWI_EXTRACT,PRODUCT_MASTER,SYNONYM,oracle,oracle/ddl/07_create_synonyms.sql
WWI_EXTRACT,PURCHASE_ORDER_HDR,SYNONYM,oracle,oracle/ddl/07_create_synonyms.sql
WWI_EXTRACT,PURCHASE_ORDER_LINE,SYNONYM,oracle,oracle/ddl/07_create_synonyms.sql
WWI_EXTRACT,SUPP_ADDRESS,SYNONYM,oracle,oracle/ddl/07_create_synonyms.sql
WWI_EXTRACT,SUPP_MASTER,SYNONYM,oracle,oracle/ddl/07_create_synonyms.sql
WWI_EXTRACT,VENDOR_CONTRACT,SYNONYM,oracle,oracle/ddl/07_create_synonyms.sql
WWI_FIN,AP_AGING_SNAPSHOT,TABLE,oracle,oracle/tables/WWI_FIN.AP_AGING_SNAPSHOT.sql
WWI_FIN,AP_INVOICE_HDR,TABLE,oracle,oracle/tables/WWI_FIN.AP_INVOICE_HDR.sql
WWI_FIN,AP_INVOICE_HOLD,TABLE,oracle,oracle/tables/WWI_FIN.AP_INVOICE_HOLD.sql
WWI_FIN,AP_INVOICE_LINE,TABLE,oracle,oracle/tables/WWI_FIN.AP_INVOICE_LINE.sql
WWI_FIN,AP_PAYMENT,TABLE,oracle,oracle/tables/WWI_FIN.AP_PAYMENT.sql
WWI_FIN,AP_PAYMENT_APPLY,TABLE,oracle,oracle/tables/WWI_FIN.AP_PAYMENT_APPLY.sql
WWI_FIN,COST_ALLOCATION_RULE,TABLE,oracle,oracle/tables/WWI_FIN.COST_ALLOCATION_RULE.sql
WWI_FIN,COST_CENTER,TABLE,oracle,oracle/tables/WWI_FIN.COST_CENTER.sql
WWI_FIN,FN_AGING_BUCKET,FUNCTION,oracle,oracle/functions/WWI_FIN.FN_AGING_BUCKET.sql
WWI_FIN,FN_CONVERT_AMOUNT,FUNCTION,oracle,oracle/functions/WWI_FIN.FN_CONVERT_AMOUNT.sql
WWI_FIN,FN_DUE_DATE,FUNCTION,oracle,oracle/functions/WWI_FIN.FN_DUE_DATE.sql
WWI_FIN,FN_TAX_AMOUNT,FUNCTION,oracle,oracle/functions/WWI_FIN.FN_TAX_AMOUNT.sql
WWI_FIN,GL_ACCOUNT,TABLE,oracle,oracle/tables/WWI_FIN.GL_ACCOUNT.sql
WWI_FIN,GL_JOURNAL_HDR,TABLE,oracle,oracle/tables/WWI_FIN.GL_JOURNAL_HDR.sql
WWI_FIN,GL_JOURNAL_LINE,TABLE,oracle,oracle/tables/WWI_FIN.GL_JOURNAL_LINE.sql
WWI_FIN,GL_PERIOD_STATUS,TABLE,oracle,oracle/tables/WWI_FIN.GL_PERIOD_STATUS.sql
WWI_FIN,PAYMENT_TERMS,TABLE,oracle,oracle/tables/WWI_FIN.PAYMENT_TERMS.sql
WWI_FIN,PKG_AP_INVOICE,PACKAGE,oracle,oracle/packages/WWI_FIN.PKG_AP_INVOICE.pks.sql
WWI_FIN,PKG_AP_INVOICE,PACKAGE BODY,oracle,oracle/packages/WWI_FIN.PKG_AP_INVOICE.pkb.sql
WWI_FIN,PKG_AP_PAYMENT,PACKAGE,oracle,oracle/packages/WWI_FIN.PKG_AP_PAYMENT.pks.sql
WWI_FIN,PKG_AP_PAYMENT,PACKAGE BODY,oracle,oracle/packages/WWI_FIN.PKG_AP_PAYMENT.pkb.sql
WWI_FIN,PKG_GL_POSTING,PACKAGE,oracle,oracle/packages/WWI_FIN.PKG_GL_POSTING.pks.sql
WWI_FIN,PKG_GL_POSTING,PACKAGE BODY,oracle,oracle/packages/WWI_FIN.PKG_GL_POSTING.pkb.sql
WWI_FIN,PKG_TAX,PACKAGE,oracle,oracle/packages/WWI_FIN.PKG_TAX.pks.sql
WWI_FIN,PKG_TAX,PACKAGE BODY,oracle,oracle/packages/WWI_FIN.PKG_TAX.pkb.sql
WWI_FIN,PRC_ACCRUE_UNINVOICED_RECEIPTS,PROCEDURE,oracle,oracle/procedures/WWI_FIN.PRC_ACCRUE_UNINVOICED_RECEIPTS.sql
WWI_FIN,PRC_BUILD_AGING_SNAPSHOT,PROCEDURE,oracle,oracle/procedures/WWI_FIN.PRC_BUILD_AGING_SNAPSHOT.sql
WWI_FIN,PRC_CLOSE_ACCOUNTING_PERIOD,PROCEDURE,oracle,oracle/procedures/WWI_FIN.PRC_CLOSE_ACCOUNTING_PERIOD.sql
WWI_FIN,PRC_LOAD_AP_AGING,PROCEDURE,oracle,oracle/procedures/WWI_FIN.PRC_LOAD_AP_AGING.sql
WWI_FIN,PRC_LOAD_INVOICE_INTERFACE,PROCEDURE,oracle,oracle/procedures/WWI_FIN.PRC_LOAD_INVOICE_INTERFACE.sql
WWI_FIN,PRC_REVALUE_AP_BALANCES,PROCEDURE,oracle,oracle/procedures/WWI_FIN.PRC_REVALUE_AP_BALANCES.sql
WWI_FIN,PRC_RUN_COST_ALLOCATION,PROCEDURE,oracle,oracle/procedures/WWI_FIN.PRC_RUN_COST_ALLOCATION.sql
WWI_FIN,PRC_RUN_DUNNING,PROCEDURE,oracle,oracle/procedures/WWI_FIN.PRC_RUN_DUNNING.sql
WWI_FIN,PRC_RUN_NIGHTLY_AP,PROCEDURE,oracle,oracle/procedures/WWI_FIN.PRC_RUN_NIGHTLY_AP.sql
WWI_FIN,PRC_RUN_PAYMENT_PROPOSAL,PROCEDURE,oracle,oracle/procedures/WWI_FIN.PRC_RUN_PAYMENT_PROPOSAL.sql
WWI_FIN,PRC_RUN_PERIOD_CLOSE,PROCEDURE,oracle,oracle/procedures/WWI_FIN.PRC_RUN_PERIOD_CLOSE.sql
WWI_FIN,PURCHASE_ORDER_HDR,SYNONYM,oracle,oracle/ddl/07_create_synonyms.sql
WWI_FIN,SEQ_AP_AGING_SNAPSHOT,SEQUENCE,oracle,oracle/tables/WWI_FIN.AP_AGING_SNAPSHOT.sql
WWI_FIN,SEQ_AP_INVOICE_HDR,SEQUENCE,oracle,oracle/tables/WWI_FIN.AP_INVOICE_HDR.sql
WWI_FIN,SEQ_AP_INVOICE_HOLD,SEQUENCE,oracle,oracle/tables/WWI_FIN.AP_INVOICE_HOLD.sql
WWI_FIN,SEQ_AP_INVOICE_LINE,SEQUENCE,oracle,oracle/tables/WWI_FIN.AP_INVOICE_LINE.sql
WWI_FIN,SEQ_AP_PAYMENT,SEQUENCE,oracle,oracle/tables/WWI_FIN.AP_PAYMENT.sql
WWI_FIN,SEQ_AP_PAYMENT_APPLY,SEQUENCE,oracle,oracle/tables/WWI_FIN.AP_PAYMENT_APPLY.sql
WWI_FIN,SEQ_COST_ALLOCATION_RULE,SEQUENCE,oracle,oracle/tables/WWI_FIN.COST_ALLOCATION_RULE.sql
WWI_FIN,SEQ_COST_CENTER,SEQUENCE,oracle,oracle/tables/WWI_FIN.COST_CENTER.sql
WWI_FIN,SEQ_GL_ACCOUNT,SEQUENCE,oracle,oracle/tables/WWI_FIN.GL_ACCOUNT.sql
WWI_FIN,SEQ_GL_JOURNAL_HDR,SEQUENCE,oracle,oracle/tables/WWI_FIN.GL_JOURNAL_HDR.sql
WWI_FIN,SEQ_GL_JOURNAL_LINE,SEQUENCE,oracle,oracle/tables/WWI_FIN.GL_JOURNAL_LINE.sql
WWI_FIN,SEQ_PAYMENT_RUN,SEQUENCE,oracle,oracle/tables/WWI_FIN.AP_PAYMENT.sql
WWI_FIN,SEQ_PAYMENT_TERMS,SEQUENCE,oracle,oracle/tables/WWI_FIN.PAYMENT_TERMS.sql
WWI_FIN,SEQ_TAX_JURISDICTION,SEQUENCE,oracle,oracle/tables/WWI_FIN.TAX_JURISDICTION.sql
WWI_FIN,SEQ_TAX_RATE,SEQUENCE,oracle,oracle/tables/WWI_FIN.TAX_RATE.sql
WWI_FIN,SEQ_WITHHOLDING_RULE,SEQUENCE,oracle,oracle/tables/WWI_FIN.WITHHOLDING_RULE.sql
WWI_FIN,SUPP_MASTER,SYNONYM,oracle,oracle/ddl/07_create_synonyms.sql
WWI_FIN,TAX_JURISDICTION,TABLE,oracle,oracle/tables/WWI_FIN.TAX_JURISDICTION.sql
WWI_FIN,TAX_RATE,TABLE,oracle,oracle/tables/WWI_FIN.TAX_RATE.sql
WWI_FIN,V_AP_AGING_CURRENT,VIEW,oracle,oracle/views/WWI_FIN.V_AP_AGING_CURRENT.sql
WWI_FIN,V_AP_INVOICE_EXTRACT,VIEW,oracle,oracle/views/WWI_FIN.V_AP_INVOICE_EXTRACT.sql
WWI_FIN,V_AP_PAYMENT_EXTRACT,VIEW,oracle,oracle/views/WWI_FIN.V_AP_PAYMENT_EXTRACT.sql
WWI_FIN,V_COST_CENTER_HIERARCHY,VIEW,oracle,oracle/views/WWI_FIN.V_COST_CENTER_HIERARCHY.sql
WWI_FIN,V_GL_JOURNAL_EXTRACT,VIEW,oracle,oracle/views/WWI_FIN.V_GL_JOURNAL_EXTRACT.sql
WWI_FIN,WITHHOLDING_RULE,TABLE,oracle,oracle/tables/WWI_FIN.WITHHOLDING_RULE.sql
WWI_MDM,CUST_ADDRESS,TABLE,oracle,oracle/tables/WWI_MDM.CUST_ADDRESS.sql
WWI_MDM,CUST_CLASSIFICATION,TABLE,oracle,oracle/tables/WWI_MDM.CUST_CLASSIFICATION.sql
WWI_MDM,CUST_CONTACT,TABLE,oracle,oracle/tables/WWI_MDM.CUST_CONTACT.sql
WWI_MDM,CUST_CREDIT_PROFILE,TABLE,oracle,oracle/tables/WWI_MDM.CUST_CREDIT_PROFILE.sql
WWI_MDM,CUST_HIERARCHY,TABLE,oracle,oracle/tables/WWI_MDM.CUST_HIERARCHY.sql
WWI_MDM,CUST_MASTER,TABLE,oracle,oracle/tables/WWI_MDM.CUST_MASTER.sql
WWI_MDM,CUST_SEGMENT_ASSIGN,TABLE,oracle,oracle/tables/WWI_MDM.CUST_SEGMENT_ASSIGN.sql
WWI_MDM,FN_CUSTOMER_STATUS,FUNCTION,oracle,oracle/functions/WWI_MDM.FN_CUSTOMER_STATUS.sql
WWI_MDM,FN_NORMALIZE_NAME,FUNCTION,oracle,oracle/functions/WWI_MDM.FN_NORMALIZE_NAME.sql
WWI_MDM,FN_PRODUCT_ACTIVE_FLAG,FUNCTION,oracle,oracle/functions/WWI_MDM.FN_PRODUCT_ACTIVE_FLAG.sql
WWI_MDM,MDM_MERGE_HISTORY,TABLE,oracle,oracle/tables/WWI_MDM.MDM_MERGE_HISTORY.sql
WWI_MDM,PARTY_XREF,TABLE,oracle,oracle/tables/WWI_MDM.PARTY_XREF.sql
WWI_MDM,PKG_CUSTOMER_MASTER,PACKAGE,oracle,oracle/packages/WWI_MDM.PKG_CUSTOMER_MASTER.pks.sql
WWI_MDM,PKG_CUSTOMER_MASTER,PACKAGE BODY,oracle,oracle/packages/WWI_MDM.PKG_CUSTOMER_MASTER.pkb.sql
WWI_MDM,PKG_PRODUCT_MASTER,PACKAGE,oracle,oracle/packages/WWI_MDM.PKG_PRODUCT_MASTER.pks.sql
WWI_MDM,PKG_PRODUCT_MASTER,PACKAGE BODY,oracle,oracle/packages/WWI_MDM.PKG_PRODUCT_MASTER.pkb.sql
WWI_MDM,PKG_SUPPLIER_MASTER,PACKAGE,oracle,oracle/packages/WWI_MDM.PKG_SUPPLIER_MASTER.pks.sql
WWI_MDM,PKG_SUPPLIER_MASTER,PACKAGE BODY,oracle,oracle/packages/WWI_MDM.PKG_SUPPLIER_MASTER.pkb.sql
WWI_MDM,PRC_LOAD_CUSTOMER_INTERFACE,PROCEDURE,oracle,oracle/procedures/WWI_MDM.PRC_LOAD_CUSTOMER_INTERFACE.sql
WWI_MDM,PRC_MERGE_DUPLICATE_CUSTOMERS,PROCEDURE,oracle,oracle/procedures/WWI_MDM.PRC_MERGE_DUPLICATE_CUSTOMERS.sql
WWI_MDM,PRC_PURGE_CUSTOMER_CONSENT,PROCEDURE,oracle,oracle/procedures/WWI_MDM.PRC_PURGE_CUSTOMER_CONSENT.sql
WWI_MDM,PRODUCT_CATEGORY,TABLE,oracle,oracle/tables/WWI_MDM.PRODUCT_CATEGORY.sql
WWI_MDM,PRODUCT_HIERARCHY,TABLE,oracle,oracle/tables/WWI_MDM.PRODUCT_HIERARCHY.sql
WWI_MDM,PRODUCT_MASTER,TABLE,oracle,oracle/tables/WWI_MDM.PRODUCT_MASTER.sql
WWI_MDM,PRODUCT_SUBSTITUTE,TABLE,oracle,oracle/tables/WWI_MDM.PRODUCT_SUBSTITUTE.sql
WWI_MDM,PRODUCT_UOM_CONV,TABLE,oracle,oracle/tables/WWI_MDM.PRODUCT_UOM_CONV.sql
WWI_MDM,SEQ_CUST_ADDRESS,SEQUENCE,oracle,oracle/tables/WWI_MDM.CUST_ADDRESS.sql
WWI_MDM,SEQ_CUST_CLASSIFICATION,SEQUENCE,oracle,oracle/tables/WWI_MDM.CUST_CLASSIFICATION.sql
WWI_MDM,SEQ_CUST_CONTACT,SEQUENCE,oracle,oracle/tables/WWI_MDM.CUST_CONTACT.sql
WWI_MDM,SEQ_CUST_CREDIT_PROFILE,SEQUENCE,oracle,oracle/tables/WWI_MDM.CUST_CREDIT_PROFILE.sql
WWI_MDM,SEQ_CUST_HIERARCHY,SEQUENCE,oracle,oracle/tables/WWI_MDM.CUST_HIERARCHY.sql
WWI_MDM,SEQ_CUST_MASTER,SEQUENCE,oracle,oracle/tables/WWI_MDM.CUST_MASTER.sql
WWI_MDM,SEQ_CUST_SEGMENT_ASSIGN,SEQUENCE,oracle,oracle/tables/WWI_MDM.CUST_SEGMENT_ASSIGN.sql
WWI_MDM,SEQ_MDM_MERGE_HISTORY,SEQUENCE,oracle,oracle/tables/WWI_MDM.MDM_MERGE_HISTORY.sql
WWI_MDM,SEQ_PARTY_XREF,SEQUENCE,oracle,oracle/tables/WWI_MDM.PARTY_XREF.sql
WWI_MDM,SEQ_PRODUCT_CATEGORY,SEQUENCE,oracle,oracle/tables/WWI_MDM.PRODUCT_CATEGORY.sql
WWI_MDM,SEQ_PRODUCT_HIERARCHY,SEQUENCE,oracle,oracle/tables/WWI_MDM.PRODUCT_HIERARCHY.sql
WWI_MDM,SEQ_PRODUCT_MASTER,SEQUENCE,oracle,oracle/tables/WWI_MDM.PRODUCT_MASTER.sql
WWI_MDM,SEQ_PRODUCT_SUBSTITUTE,SEQUENCE,oracle,oracle/tables/WWI_MDM.PRODUCT_SUBSTITUTE.sql
WWI_MDM,SEQ_PRODUCT_UOM_CONV,SEQUENCE,oracle,oracle/tables/WWI_MDM.PRODUCT_UOM_CONV.sql
WWI_MDM,SEQ_SUPP_ADDRESS,SEQUENCE,oracle,oracle/tables/WWI_MDM.SUPP_ADDRESS.sql
WWI_MDM,SEQ_SUPP_BANK_ACCOUNT,SEQUENCE,oracle,oracle/tables/WWI_MDM.SUPP_BANK_ACCOUNT.sql
WWI_MDM,SEQ_SUPP_CERTIFICATION,SEQUENCE,oracle,oracle/tables/WWI_MDM.SUPP_CERTIFICATION.sql
WWI_MDM,SEQ_SUPP_CONTACT,SEQUENCE,oracle,oracle/tables/WWI_MDM.SUPP_CONTACT.sql
WWI_MDM,SEQ_SUPP_MASTER,SEQUENCE,oracle,oracle/tables/WWI_MDM.SUPP_MASTER.sql
WWI_MDM,SUPP_ADDRESS,TABLE,oracle,oracle/tables/WWI_MDM.SUPP_ADDRESS.sql
WWI_MDM,SUPP_BANK_ACCOUNT,TABLE,oracle,oracle/tables/WWI_MDM.SUPP_BANK_ACCOUNT.sql
WWI_MDM,SUPP_CERTIFICATION,TABLE,oracle,oracle/tables/WWI_MDM.SUPP_CERTIFICATION.sql
WWI_MDM,SUPP_CONTACT,TABLE,oracle,oracle/tables/WWI_MDM.SUPP_CONTACT.sql
WWI_MDM,SUPP_MASTER,TABLE,oracle,oracle/tables/WWI_MDM.SUPP_MASTER.sql
WWI_MDM,V_CUSTOMER_ADDRESS_CURRENT,VIEW,oracle,oracle/views/WWI_MDM.V_CUSTOMER_ADDRESS_CURRENT.sql
WWI_MDM,V_CUSTOMER_EXTRACT,VIEW,oracle,oracle/views/WWI_MDM.V_CUSTOMER_EXTRACT.sql
WWI_MDM,V_PRODUCT_EXTRACT,VIEW,oracle,oracle/views/WWI_MDM.V_PRODUCT_EXTRACT.sql
WWI_MDM,V_PRODUCT_HIERARCHY_FLAT,VIEW,oracle,oracle/views/WWI_MDM.V_PRODUCT_HIERARCHY_FLAT.sql
WWI_MDM,V_SUPPLIER_BANK_MASKED,VIEW,oracle,oracle/views/WWI_MDM.V_SUPPLIER_BANK_MASKED.sql
WWI_MDM,V_SUPPLIER_EXTRACT,VIEW,oracle,oracle/views/WWI_MDM.V_SUPPLIER_EXTRACT.sql
WWI_PROC,FN_PO_OPEN_QTY,FUNCTION,oracle,oracle/functions/WWI_PROC.FN_PO_OPEN_QTY.sql
WWI_PROC,FN_RECEIPT_VARIANCE_PCT,FUNCTION,oracle,oracle/functions/WWI_PROC.FN_RECEIPT_VARIANCE_PCT.sql
WWI_PROC,GOODS_RETURN_HDR,TABLE,oracle,oracle/tables/WWI_PROC.GOODS_RETURN_HDR.sql
WWI_PROC,GOODS_RETURN_LINE,TABLE,oracle,oracle/tables/WWI_PROC.GOODS_RETURN_LINE.sql
WWI_PROC,PAYMENT_TERMS,SYNONYM,oracle,oracle/ddl/07_create_synonyms.sql
WWI_PROC,PKG_PURCHASE_ORDER,PACKAGE,oracle,oracle/packages/WWI_PROC.PKG_PURCHASE_ORDER.pks.sql
WWI_PROC,PKG_PURCHASE_ORDER,PACKAGE BODY,oracle,oracle/packages/WWI_PROC.PKG_PURCHASE_ORDER.pkb.sql
WWI_PROC,PKG_RECEIPTS,PACKAGE,oracle,oracle/packages/WWI_PROC.PKG_RECEIPTS.pks.sql
WWI_PROC,PKG_RECEIPTS,PACKAGE BODY,oracle,oracle/packages/WWI_PROC.PKG_RECEIPTS.pkb.sql
WWI_PROC,PKG_SUPPLIER_PERF,PACKAGE,oracle,oracle/packages/WWI_PROC.PKG_SUPPLIER_PERF.pks.sql
WWI_PROC,PKG_SUPPLIER_PERF,PACKAGE BODY,oracle,oracle/packages/WWI_PROC.PKG_SUPPLIER_PERF.pkb.sql
WWI_PROC,PO_CHANGE_ORDER,TABLE,oracle,oracle/tables/WWI_PROC.PO_CHANGE_ORDER.sql
WWI_PROC,PO_RECEIPT_HDR,TABLE,oracle,oracle/tables/WWI_PROC.PO_RECEIPT_HDR.sql
WWI_PROC,PO_RECEIPT_LINE,TABLE,oracle,oracle/tables/WWI_PROC.PO_RECEIPT_LINE.sql
WWI_PROC,PRC_BUILD_SUPPLIER_SCORECARD,PROCEDURE,oracle,oracle/procedures/WWI_PROC.PRC_BUILD_SUPPLIER_SCORECARD.sql
WWI_PROC,PRC_CLOSE_STALE_PO,PROCEDURE,oracle,oracle/procedures/WWI_PROC.PRC_CLOSE_STALE_PO.sql
WWI_PROC,PRC_LOAD_ASN_INTERFACE,PROCEDURE,oracle,oracle/procedures/WWI_PROC.PRC_LOAD_ASN_INTERFACE.sql
WWI_PROC,PRC_RELEASE_REQUISITIONS,PROCEDURE,oracle,oracle/procedures/WWI_PROC.PRC_RELEASE_REQUISITIONS.sql
WWI_PROC,PURCHASE_ORDER_HDR,TABLE,oracle,oracle/tables/WWI_PROC.PURCHASE_ORDER_HDR.sql
WWI_PROC,PURCHASE_ORDER_LINE,TABLE,oracle,oracle/tables/WWI_PROC.PURCHASE_ORDER_LINE.sql
WWI_PROC,REQUISITION_HDR,TABLE,oracle,oracle/tables/WWI_PROC.REQUISITION_HDR.sql
WWI_PROC,REQUISITION_LINE,TABLE,oracle,oracle/tables/WWI_PROC.REQUISITION_LINE.sql
WWI_PROC,SEQ_GOODS_RETURN_HDR,SEQUENCE,oracle,oracle/tables/WWI_PROC.GOODS_RETURN_HDR.sql
WWI_PROC,SEQ_GOODS_RETURN_LINE,SEQUENCE,oracle,oracle/tables/WWI_PROC.GOODS_RETURN_LINE.sql
WWI_PROC,SEQ_PO_CHANGE_ORDER,SEQUENCE,oracle,oracle/tables/WWI_PROC.PO_CHANGE_ORDER.sql
WWI_PROC,SEQ_PO_RECEIPT_HDR,SEQUENCE,oracle,oracle/tables/WWI_PROC.PO_RECEIPT_HDR.sql
WWI_PROC,SEQ_PO_RECEIPT_LINE,SEQUENCE,oracle,oracle/tables/WWI_PROC.PO_RECEIPT_LINE.sql
WWI_PROC,SEQ_PURCHASE_ORDER_HDR,SEQUENCE,oracle,oracle/tables/WWI_PROC.PURCHASE_ORDER_HDR.sql
WWI_PROC,SEQ_PURCHASE_ORDER_LINE,SEQUENCE,oracle,oracle/tables/WWI_PROC.PURCHASE_ORDER_LINE.sql
WWI_PROC,SEQ_REQUISITION_HDR,SEQUENCE,oracle,oracle/tables/WWI_PROC.REQUISITION_HDR.sql
WWI_PROC,SEQ_REQUISITION_LINE,SEQUENCE,oracle,oracle/tables/WWI_PROC.REQUISITION_LINE.sql
WWI_PROC,SEQ_SOURCING_EVENT,SEQUENCE,oracle,oracle/tables/WWI_PROC.SOURCING_EVENT.sql
WWI_PROC,SEQ_SUPPLIER_QUOTE,SEQUENCE,oracle,oracle/tables/WWI_PROC.SUPPLIER_QUOTE.sql
WWI_PROC,SEQ_SUPPLIER_QUOTE_LINE,SEQUENCE,oracle,oracle/tables/WWI_PROC.SUPPLIER_QUOTE_LINE.sql
WWI_PROC,SEQ_SUPPLIER_SCORECARD,SEQUENCE,oracle,oracle/tables/WWI_PROC.SUPPLIER_SCORECARD.sql
WWI_PROC,SEQ_VENDOR_CONTRACT,SEQUENCE,oracle,oracle/tables/WWI_PROC.VENDOR_CONTRACT.sql
WWI_PROC,SEQ_VENDOR_CONTRACT_LINE,SEQUENCE,oracle,oracle/tables/WWI_PROC.VENDOR_CONTRACT_LINE.sql
WWI_PROC,SOURCING_EVENT,TABLE,oracle,oracle/tables/WWI_PROC.SOURCING_EVENT.sql
WWI_PROC,SUPPLIER_QUOTE,TABLE,oracle,oracle/tables/WWI_PROC.SUPPLIER_QUOTE.sql
WWI_PROC,SUPPLIER_QUOTE_LINE,TABLE,oracle,oracle/tables/WWI_PROC.SUPPLIER_QUOTE_LINE.sql
WWI_PROC,SUPPLIER_SCORECARD,TABLE,oracle,oracle/tables/WWI_PROC.SUPPLIER_SCORECARD.sql
WWI_PROC,SUPP_MASTER,SYNONYM,oracle,oracle/ddl/07_create_synonyms.sql
WWI_PROC,VENDOR_CONTRACT,TABLE,oracle,oracle/tables/WWI_PROC.VENDOR_CONTRACT.sql
WWI_PROC,VENDOR_CONTRACT_LINE,TABLE,oracle,oracle/tables/WWI_PROC.VENDOR_CONTRACT_LINE.sql
WWI_PROC,V_OPEN_PO_BALANCE,VIEW,oracle,oracle/views/WWI_PROC.V_OPEN_PO_BALANCE.sql
WWI_PROC,V_PO_LINE_EXTRACT,VIEW,oracle,oracle/views/WWI_PROC.V_PO_LINE_EXTRACT.sql
WWI_PROC,V_PURCHASE_ORDER_EXTRACT,VIEW,oracle,oracle/views/WWI_PROC.V_PURCHASE_ORDER_EXTRACT.sql
WWI_PROC,V_RECEIPT_EXTRACT,VIEW,oracle,oracle/views/WWI_PROC.V_RECEIPT_EXTRACT.sql
WWI_PROC,V_SUPPLIER_SCORECARD_CURRENT,VIEW,oracle,oracle/views/WWI_PROC.V_SUPPLIER_SCORECARD_CURRENT.sql
WWI_REF,CALENDAR_FISCAL,TABLE,oracle,oracle/tables/WWI_REF.CALENDAR_FISCAL.sql
WWI_REF,CITY_REF,TABLE,oracle,oracle/tables/WWI_REF.CITY_REF.sql
WWI_REF,CODE_TRANSLATION,TABLE,oracle,oracle/tables/WWI_REF.CODE_TRANSLATION.sql
WWI_REF,COUNTRY_REF,TABLE,oracle,oracle/tables/WWI_REF.COUNTRY_REF.sql
WWI_REF,CURRENCY_CODE,TABLE,oracle,oracle/tables/WWI_REF.CURRENCY_CODE.sql
WWI_REF,FN_FISCAL_PERIOD,FUNCTION,oracle,oracle/functions/WWI_REF.FN_FISCAL_PERIOD.sql
WWI_REF,FN_TRANSLATE_CODE,FUNCTION,oracle,oracle/functions/WWI_REF.FN_TRANSLATE_CODE.sql
WWI_REF,FX_RATE_DAILY,TABLE,oracle,oracle/tables/WWI_REF.FX_RATE_DAILY.sql
WWI_REF,INCOTERM_REF,TABLE,oracle,oracle/tables/WWI_REF.INCOTERM_REF.sql
WWI_REF,LANGUAGE_REF,TABLE,oracle,oracle/tables/WWI_REF.LANGUAGE_REF.sql
WWI_REF,PAYMENT_METHOD_REF,TABLE,oracle,oracle/tables/WWI_REF.PAYMENT_METHOD_REF.sql
WWI_REF,PKG_CODE_TRANSLATION,PACKAGE,oracle,oracle/packages/WWI_REF.PKG_CODE_TRANSLATION.pks.sql
WWI_REF,PKG_CODE_TRANSLATION,PACKAGE BODY,oracle,oracle/packages/WWI_REF.PKG_CODE_TRANSLATION.pkb.sql
WWI_REF,PKG_FX,PACKAGE,oracle,oracle/packages/WWI_REF.PKG_FX.pks.sql
WWI_REF,PKG_FX,PACKAGE BODY,oracle,oracle/packages/WWI_REF.PKG_FX.pkb.sql
WWI_REF,POSTAL_REF,TABLE,oracle,oracle/tables/WWI_REF.POSTAL_REF.sql
WWI_REF,PRC_LOAD_FX_RATES,PROCEDURE,oracle,oracle/procedures/WWI_REF.PRC_LOAD_FX_RATES.sql
WWI_REF,REASON_CODE_REF,TABLE,oracle,oracle/tables/WWI_REF.REASON_CODE_REF.sql
WWI_REF,REGION_REF,TABLE,oracle,oracle/tables/WWI_REF.REGION_REF.sql
WWI_REF,SEQ_CITY_REF,SEQUENCE,oracle,oracle/tables/WWI_REF.CITY_REF.sql
WWI_REF,SEQ_CODE_TRANSLATION,SEQUENCE,oracle,oracle/tables/WWI_REF.CODE_TRANSLATION.sql
WWI_REF,SEQ_POSTAL_REF,SEQUENCE,oracle,oracle/tables/WWI_REF.POSTAL_REF.sql
WWI_REF,SOURCE_SYSTEM_REF,TABLE,oracle,oracle/tables/WWI_REF.SOURCE_SYSTEM_REF.sql
WWI_REF,STATUS_CODE_REF,TABLE,oracle,oracle/tables/WWI_REF.STATUS_CODE_REF.sql
WWI_REF,UOM_REF,TABLE,oracle,oracle/tables/WWI_REF.UOM_REF.sql
WWI_REF,V_CURRENCY_EXTRACT,VIEW,oracle,oracle/views/WWI_REF.V_CURRENCY_EXTRACT.sql
WWI_REF,V_FX_RATE_LATEST,VIEW,oracle,oracle/views/WWI_REF.V_FX_RATE_LATEST.sql
WWI_REF,V_GEOGRAPHY_EXTRACT,VIEW,oracle,oracle/views/WWI_REF.V_GEOGRAPHY_EXTRACT.sql
WWI_REF,V_PAYMENT_TERMS_EXTRACT,VIEW,oracle,oracle/views/WWI_REF.V_PAYMENT_TERMS_EXTRACT.sql
Warehouse,BinContents,TABLE,sqlserver-oltp,sqlserver/oltp/01_tables/1220_Warehouse.BinContents.sql
Warehouse,Bins,TABLE,sqlserver-oltp,sqlserver/oltp/01_tables/1210_Warehouse.Bins.sql
Warehouse,CycleCountLines,TABLE,sqlserver-oltp,sqlserver/oltp/01_tables/1270_Warehouse.CycleCountLines.sql
Warehouse,CycleCounts,TABLE,sqlserver-oltp,sqlserver/oltp/01_tables/1260_Warehouse.CycleCounts.sql
Warehouse,ReplenishmentOrders,TABLE,sqlserver-oltp,sqlserver/oltp/01_tables/1290_Warehouse.ReplenishmentOrders.sql
Warehouse,ReplenishmentRules,TABLE,sqlserver-oltp,sqlserver/oltp/01_tables/1280_Warehouse.ReplenishmentRules.sql
Warehouse,StockItemDeletionLog,TABLE,sqlserver-oltp,sqlserver/oltp/02_extensions/2320_Warehouse.StockItemDeletionLog.sql
Warehouse,StockMovementDetails,TABLE,sqlserver-oltp,sqlserver/oltp/01_tables/1230_Warehouse.StockMovementDetails.sql
Warehouse,StockTransferLines,TABLE,sqlserver-oltp,sqlserver/oltp/01_tables/1250_Warehouse.StockTransferLines.sql
Warehouse,StockTransfers,TABLE,sqlserver-oltp,sqlserver/oltp/01_tables/1240_Warehouse.StockTransfers.sql
Warehouse,WarehouseSites,TABLE,sqlserver-oltp,sqlserver/oltp/01_tables/1200_Warehouse.WarehouseSites.sql
Warehouse,tr_StockItems_DeletionLog,TRIGGER,sqlserver-oltp,sqlserver/oltp/07_triggers/7050_Warehouse.tr_StockItems_DeletionLog.sql
Warehouse,tr_StockMovementDetails_MaintainHoldings,TRIGGER,sqlserver-oltp,sqlserver/oltp/07_triggers/7040_Warehouse.tr_StockMovementDetails_MaintainHoldings.sql
Warehouse,ufn_AvailableToPromise,FUNCTION,sqlserver-oltp,sqlserver/oltp/04_functions/4030_Warehouse.ufn_AvailableToPromise.sql
Warehouse,usp_GenerateReplenishmentOrders,PROCEDURE,sqlserver-oltp,sqlserver/oltp/06_procedures/6080_Warehouse.usp_GenerateReplenishmentOrders.sql
Warehouse,usp_PostStockMovement,PROCEDURE,sqlserver-oltp,sqlserver/oltp/06_procedures/6060_Warehouse.usp_PostStockMovement.sql
Warehouse,usp_ReconcileCycleCount,PROCEDURE,sqlserver-oltp,sqlserver/oltp/06_procedures/6070_Warehouse.usp_ReconcileCycleCount.sql
Warehouse,usp_TransferStockBetweenSites,PROCEDURE,sqlserver-oltp,sqlserver/oltp/06_procedures/6090_Warehouse.usp_TransferStockBetweenSites.sql
Warehouse,vw_CycleCountVariance,VIEW,sqlserver-oltp,sqlserver/oltp/05_views/5070_Warehouse.vw_CycleCountVariance.sql
Warehouse,vw_StockMovementExtract,VIEW,sqlserver-oltp,sqlserver/oltp/05_views/5060_Warehouse.vw_StockMovementExtract.sql
Warehouse,vw_StockOnHandBySite,VIEW,sqlserver-oltp,sqlserver/oltp/05_views/5050_Warehouse.vw_StockOnHandBySite.sql
dbo,Sequences,SEQUENCE,sqlserver-dw,sqlserver/warehouse/dimensions/00_dimension_schemas_and_sequences.sql
dbo,TO,TYPE,oracle,oracle/ddl/04_create_roles.sql
err,RejectedConstraintViolation,TABLE,sqlserver-staging,sqlserver/staging/tables/40_err_tables.sql
err,RejectedCustomer,TABLE,sqlserver-staging,sqlserver/staging/tables/40_err_tables.sql
err,RejectedFileRow,TABLE,sqlserver-staging,sqlserver/staging/tables/40_err_tables.sql
err,RejectedInvoiceLine,TABLE,sqlserver-staging,sqlserver/staging/tables/40_err_tables.sql
err,RejectedLookupFailure,TABLE,sqlserver-staging,sqlserver/staging/tables/40_err_tables.sql
err,RejectedOrderLine,TABLE,sqlserver-staging,sqlserver/staging/tables/40_err_tables.sql
err,RejectedPayment,TABLE,sqlserver-staging,sqlserver/staging/tables/40_err_tables.sql
err,RejectedProduct,TABLE,sqlserver-staging,sqlserver/staging/tables/40_err_tables.sql
err,RejectedShipment,TABLE,sqlserver-staging,sqlserver/staging/tables/40_err_tables.sql
err,RejectedSupplier,TABLE,sqlserver-staging,sqlserver/staging/tables/40_err_tables.sql
err,usp_LogRejectedRows,PROCEDURE,sqlserver-staging,sqlserver/staging/procedures/err.usp_LogRejectedRows.sql
err,usp_PurgeRejectedRows,PROCEDURE,sqlserver-staging,sqlserver/staging/procedures/err.usp_PurgeRejectedRows.sql
err,vw_RejectSummaryByBatch,VIEW,sqlserver-staging,sqlserver/staging/views/err.vw_RejectSummaryByBatch.sql
err,vw_RejectTrend,VIEW,sqlserver-staging,sqlserver/staging/views/err.vw_RejectTrend.sql
etl,ArchiveExpiryList,TABLE,etl-control,sqlserver/control/07_tables_operations.sql
etl,Batch,TABLE,etl-control,sqlserver/control/02_tables_control_framework.sql
etl,BatchArchive,TABLE,etl-control,sqlserver/control/07_tables_operations.sql
etl,BatchHold,TABLE,etl-control,sqlserver/control/07_tables_operations.sql
etl,BatchStep,TABLE,etl-control,sqlserver/control/02_tables_control_framework.sql
etl,BatchStepRerunRequest,TABLE,etl-control,sqlserver/control/07_tables_operations.sql
etl,Configuration,TABLE,etl-control,sqlserver/control/02_tables_control_framework.sql
etl,ControlPurgeAudit,TABLE,etl-control,sqlserver/control/procedures/etl.usp_PurgeControlHistory.sql
etl,DataQualityResult,TABLE,etl-control,sqlserver/control/04_tables_data_quality.sql
etl,DataQualityRule,TABLE,etl-control,sqlserver/control/04_tables_data_quality.sql
etl,DataQualityRuleException,TABLE,etl-control,sqlserver/control/04_tables_data_quality.sql
etl,ErrorLog,TABLE,etl-control,sqlserver/control/02_tables_control_framework.sql
etl,FactRekeyQueue,TABLE,etl-control,sqlserver/control/07_tables_operations.sql
etl,FileControlTotal,TABLE,etl-control,sqlserver/control/07_tables_operations.sql
etl,FileIngestionLog,TABLE,etl-control,sqlserver/control/07_tables_operations.sql
etl,FxRateAvailability,TABLE,etl-control,sqlserver/control/07_tables_operations.sql
etl,InboundFileRegister,TABLE,etl-control,sqlserver/control/07_tables_operations.sql
etl,LoadVolumeHistory,TABLE,etl-control,sqlserver/control/07_tables_operations.sql
etl,MaintenanceLog,TABLE,etl-control,sqlserver/control/07_tables_operations.sql
etl,OperatorNotification,TABLE,etl-control,sqlserver/control/07_tables_operations.sql
etl,PackageDependency,TABLE,etl-control,sqlserver/control/02_tables_control_framework.sql
etl,PackageExecution,TABLE,etl-control,sqlserver/control/02_tables_control_framework.sql
etl,PreflightResult,TABLE,etl-control,sqlserver/control/07_tables_operations.sql
etl,PurgeAudit,TABLE,etl-control,sqlserver/control/07_tables_operations.sql
etl,ReconciliationExemption,TABLE,etl-control,sqlserver/control/02_tables_control_framework.sql
etl,ReconciliationResult,TABLE,etl-control,sqlserver/control/06_tables_reconciliation.sql
etl,RegionPeriodStatus,TABLE,etl-control,sqlserver/control/07_tables_operations.sql
etl,RejectedRecord,TABLE,etl-control,sqlserver/control/02_tables_control_framework.sql
etl,RejectedRecordStaging,TABLE,etl-control,sqlserver/control/procedures/etl.usp_LogRejectedRecordSet.sql
etl,RequiredConfigurationKey,TABLE,etl-control,sqlserver/control/07_tables_operations.sql
etl,RowCountAudit,TABLE,etl-control,sqlserver/control/02_tables_control_framework.sql
etl,RowCountTolerance,TABLE,etl-control,sqlserver/control/07_tables_operations.sql
etl,SourceSystem,TABLE,etl-control,sqlserver/control/02_tables_control_framework.sql
etl,StagingTableRegister,TABLE,etl-control,sqlserver/control/07_tables_operations.sql
etl,SupplierScoringWeight,TABLE,etl-control,sqlserver/control/07_tables_operations.sql
etl,Watermark,TABLE,etl-control,sqlserver/control/02_tables_control_framework.sql
etl,ufn_GetConfigurationValue,FUNCTION,etl-control,sqlserver/control/procedures/etl.usp_GetConfiguration.sql
etl,usp_AssertRowCountReconciliation,PROCEDURE,etl-control,sqlserver/control/procedures/etl.usp_AssertRowCountReconciliation.sql
etl,usp_AssertRowCountTolerance,PROCEDURE,etl-control,sqlserver/control/procedures/etl.usp_AssertRowCountTolerance.sql
etl,usp_EndBatch,PROCEDURE,etl-control,sqlserver/control/procedures/etl.usp_EndBatch.sql
etl,usp_EndBatchStep,PROCEDURE,etl-control,sqlserver/control/procedures/etl.usp_StartBatchStep.sql
etl,usp_EvaluateDataQualityRules,PROCEDURE,etl-control,sqlserver/control/procedures/etl.usp_EvaluateDataQualityRules.sql
etl,usp_GetConfiguration,PROCEDURE,etl-control,sqlserver/control/procedures/etl.usp_GetConfiguration.sql
etl,usp_GetWatermark,PROCEDURE,etl-control,sqlserver/control/procedures/etl.usp_GetWatermark.sql
etl,usp_LogError,PROCEDURE,etl-control,sqlserver/control/procedures/etl.usp_LogError.sql
etl,usp_LogPackageEnd,PROCEDURE,etl-control,sqlserver/control/procedures/etl.usp_LogPackageEnd.sql
etl,usp_LogPackageStart,PROCEDURE,etl-control,sqlserver/control/procedures/etl.usp_LogPackageStart.sql
etl,usp_LogReject,PROCEDURE,etl-control,sqlserver/control/procedures/etl.usp_LogReject.sql
etl,usp_LogRejectedRecord,PROCEDURE,etl-control,sqlserver/control/procedures/etl.usp_LogRejectedRecord.sql
etl,usp_LogRejectedRecordSet,PROCEDURE,etl-control,sqlserver/control/procedures/etl.usp_LogRejectedRecordSet.sql
etl,usp_LogRowCount,PROCEDURE,etl-control,sqlserver/control/procedures/etl.usp_LogRowCount.sql
etl,usp_PurgeControlHistory,PROCEDURE,etl-control,sqlserver/control/procedures/etl.usp_PurgeControlHistory.sql
etl,usp_SetWatermark,PROCEDURE,etl-control,sqlserver/control/procedures/etl.usp_SetWatermark.sql
etl,usp_StartBatch,PROCEDURE,etl-control,sqlserver/control/procedures/etl.usp_StartBatch.sql
etl,usp_StartBatchStep,PROCEDURE,etl-control,sqlserver/control/procedures/etl.usp_StartBatchStep.sql
etl,vw_BatchStatus,VIEW,etl-control,sqlserver/control/views/etl.OperationalViews.sql
etl,vw_PackageExecutionHistory,VIEW,etl-control,sqlserver/control/views/etl.OperationalViews.sql
etl,vw_RecentErrors,VIEW,etl-control,sqlserver/control/views/etl.OperationalViews.sql
etl,vw_RejectSummary,VIEW,etl-control,sqlserver/control/views/etl.OperationalViews.sql
etl,vw_RowCountReconciliation,VIEW,etl-control,sqlserver/control/views/etl.OperationalViews.sql
etl,vw_SlowPackages,VIEW,etl-control,sqlserver/control/views/etl.OperationalViews.sql
etl,vw_WatermarkStatus,VIEW,etl-control,sqlserver/control/views/etl.OperationalViews.sql
raw,FileCarrierScan,TABLE,sqlserver-staging,sqlserver/staging/tables/12_raw_tables_file.sql
raw,FileFxOverride,TABLE,sqlserver-staging,sqlserver/staging/tables/12_raw_tables_file.sql
raw,FilePartnerSales,TABLE,sqlserver-staging,sqlserver/staging/tables/12_raw_tables_file.sql
raw,FileSupplierCatalog,TABLE,sqlserver-staging,sqlserver/staging/tables/12_raw_tables_file.sql
raw,OracleApInvoiceHdr,TABLE,sqlserver-staging,sqlserver/staging/tables/10_raw_tables_oracle.sql
raw,OracleApInvoiceLine,TABLE,sqlserver-staging,sqlserver/staging/tables/10_raw_tables_oracle.sql
raw,OracleApPayment,TABLE,sqlserver-staging,sqlserver/staging/tables/10_raw_tables_oracle.sql
raw,OracleCostCenter,TABLE,sqlserver-staging,sqlserver/staging/tables/10_raw_tables_oracle.sql
raw,OracleCurrency,TABLE,sqlserver-staging,sqlserver/staging/tables/10_raw_tables_oracle.sql
raw,OracleCustomerAddress,TABLE,sqlserver-staging,sqlserver/staging/tables/10_raw_tables_oracle.sql
raw,OracleCustomerMaster,TABLE,sqlserver-staging,sqlserver/staging/tables/10_raw_tables_oracle.sql
raw,OracleFxRate,TABLE,sqlserver-staging,sqlserver/staging/tables/10_raw_tables_oracle.sql
raw,OracleGeography,TABLE,sqlserver-staging,sqlserver/staging/tables/10_raw_tables_oracle.sql
raw,OracleGlJournalLine,TABLE,sqlserver-staging,sqlserver/staging/tables/10_raw_tables_oracle.sql
raw,OraclePaymentTerms,TABLE,sqlserver-staging,sqlserver/staging/tables/10_raw_tables_oracle.sql
raw,OracleProductMaster,TABLE,sqlserver-staging,sqlserver/staging/tables/10_raw_tables_oracle.sql
raw,OraclePurchaseOrderHdr,TABLE,sqlserver-staging,sqlserver/staging/tables/10_raw_tables_oracle.sql
raw,OraclePurchaseOrderLine,TABLE,sqlserver-staging,sqlserver/staging/tables/10_raw_tables_oracle.sql
raw,OracleReceiptLine,TABLE,sqlserver-staging,sqlserver/staging/tables/10_raw_tables_oracle.sql
raw,OracleSupplierMaster,TABLE,sqlserver-staging,sqlserver/staging/tables/10_raw_tables_oracle.sql
raw,OracleTaxRate,TABLE,sqlserver-staging,sqlserver/staging/tables/10_raw_tables_oracle.sql
raw,OracleVendorContract,TABLE,sqlserver-staging,sqlserver/staging/tables/10_raw_tables_oracle.sql
raw,SqlCreditNote,TABLE,sqlserver-staging,sqlserver/staging/tables/11_raw_tables_sqlserver.sql
raw,SqlInvoice,TABLE,sqlserver-staging,sqlserver/staging/tables/11_raw_tables_sqlserver.sql
raw,SqlInvoiceLine,TABLE,sqlserver-staging,sqlserver/staging/tables/11_raw_tables_sqlserver.sql
raw,SqlLoyaltyLedger,TABLE,sqlserver-staging,sqlserver/staging/tables/11_raw_tables_sqlserver.sql
raw,SqlOrder,TABLE,sqlserver-staging,sqlserver/staging/tables/11_raw_tables_sqlserver.sql
raw,SqlOrderLine,TABLE,sqlserver-staging,sqlserver/staging/tables/11_raw_tables_sqlserver.sql
raw,SqlReturnLine,TABLE,sqlserver-staging,sqlserver/staging/tables/11_raw_tables_sqlserver.sql
raw,SqlShipment,TABLE,sqlserver-staging,sqlserver/staging/tables/11_raw_tables_sqlserver.sql
raw,SqlShipmentLine,TABLE,sqlserver-staging,sqlserver/staging/tables/11_raw_tables_sqlserver.sql
raw,SqlStockItem,TABLE,sqlserver-staging,sqlserver/staging/tables/11_raw_tables_sqlserver.sql
raw,SqlStockMovement,TABLE,sqlserver-staging,sqlserver/staging/tables/11_raw_tables_sqlserver.sql
raw,SqlWebSession,TABLE,sqlserver-staging,sqlserver/staging/tables/11_raw_tables_sqlserver.sql
ref,CodeCrosswalk,TABLE,sqlserver-staging,sqlserver/staging/tables/50_ref_tables.sql
ref,Country,TABLE,sqlserver-staging,sqlserver/staging/tables/50_ref_tables.sql
ref,Currency,TABLE,sqlserver-staging,sqlserver/staging/tables/50_ref_tables.sql
ref,FxRateDaily,TABLE,sqlserver-staging,sqlserver/staging/tables/50_ref_tables.sql
ref,PostalFormatRule,TABLE,sqlserver-staging,sqlserver/staging/tables/50_ref_tables.sql
ref,ReasonCode,TABLE,sqlserver-staging,sqlserver/staging/tables/50_ref_tables.sql
ref,Region,TABLE,sqlserver-staging,sqlserver/staging/tables/50_ref_tables.sql
ref,SourceKeyCrosswalk,TABLE,sqlserver-staging,sqlserver/staging/tables/50_ref_tables.sql
ref,StatusCode,TABLE,sqlserver-staging,sqlserver/staging/tables/50_ref_tables.sql
ref,TaxJurisdiction,TABLE,sqlserver-staging,sqlserver/staging/tables/50_ref_tables.sql
ref,UnitOfMeasure,TABLE,sqlserver-staging,sqlserver/staging/tables/50_ref_tables.sql
ref,UomConversion,TABLE,sqlserver-staging,sqlserver/staging/tables/50_ref_tables.sql
ref,usp_LoadCodeCrosswalk,PROCEDURE,sqlserver-reference,sqlserver/reference/ref.usp_LoadCodeCrosswalk.sql
ref,usp_LoadCountry,PROCEDURE,sqlserver-reference,sqlserver/reference/ref.usp_LoadCountry.sql
ref,usp_LoadCurrency,PROCEDURE,sqlserver-reference,sqlserver/reference/ref.usp_LoadCurrency.sql
ref,usp_LoadFxRateDaily,PROCEDURE,sqlserver-reference,sqlserver/reference/ref.usp_LoadFxRateDaily.sql
ref,usp_LoadPostalFormatRule,PROCEDURE,sqlserver-reference,sqlserver/reference/ref.usp_LoadPostalFormatRule.sql
ref,usp_LoadReasonCode,PROCEDURE,sqlserver-reference,sqlserver/reference/ref.usp_LoadReasonCode.sql
ref,usp_LoadRegion,PROCEDURE,sqlserver-reference,sqlserver/reference/ref.usp_LoadRegion.sql
ref,usp_LoadSourceKeyCrosswalk,PROCEDURE,sqlserver-reference,sqlserver/reference/ref.usp_LoadSourceKeyCrosswalk.sql
ref,usp_LoadStatusCode,PROCEDURE,sqlserver-reference,sqlserver/reference/ref.usp_LoadStatusCode.sql
ref,usp_LoadTaxJurisdiction,PROCEDURE,sqlserver-reference,sqlserver/reference/ref.usp_LoadTaxJurisdiction.sql
ref,usp_LoadUnitOfMeasure,PROCEDURE,sqlserver-reference,sqlserver/reference/ref.usp_LoadUnitOfMeasure.sql
ref,usp_LoadUomConversion,PROCEDURE,sqlserver-reference,sqlserver/reference/ref.usp_LoadUomConversion.sql
ref,usp_ReportUnmappedCodes,PROCEDURE,sqlserver-reference,sqlserver/reference/ref.usp_ReportUnmappedCodes.sql
ref,vw_UnmappedSourceCode,VIEW,sqlserver-reference,sqlserver/reference/ref.vw_UnmappedSourceCode.sql
stg,ApInvoice,TABLE,sqlserver-staging,sqlserver/staging/tables/21_stg_tables_finance.sql
stg,ApInvoiceLine,TABLE,sqlserver-staging,sqlserver/staging/tables/21_stg_tables_finance.sql
stg,City,TABLE,sqlserver-staging,sqlserver/staging/tables/23_stg_tables_dimension_sources.sql
stg,CostCenter,TABLE,sqlserver-staging,sqlserver/staging/tables/20_stg_tables_master.sql
stg,CreditNote,TABLE,sqlserver-staging,sqlserver/staging/tables/22_stg_tables_sales.sql
stg,Currency,TABLE,sqlserver-staging,sqlserver/staging/tables/21_stg_tables_finance.sql
stg,Customer,TABLE,sqlserver-staging,sqlserver/staging/tables/20_stg_tables_master.sql
stg,CustomerAddress,TABLE,sqlserver-staging,sqlserver/staging/tables/20_stg_tables_master.sql
stg,CustomerCategory,TABLE,sqlserver-staging,sqlserver/staging/tables/23_stg_tables_dimension_sources.sql
stg,CustomerSegment,TABLE,sqlserver-staging,sqlserver/staging/tables/23_stg_tables_dimension_sources.sql
stg,CustomerSegmentAssignment,TABLE,sqlserver-staging,sqlserver/staging/tables/23_stg_tables_dimension_sources.sql
stg,CustomerTransaction,TABLE,sqlserver-staging,sqlserver/staging/tables/24_stg_tables_fact_sources.sql
stg,DailyInventorySnapshot,TABLE,sqlserver-staging,sqlserver/staging/tables/24_stg_tables_fact_sources.sql
stg,DailySalesSnapshot,TABLE,sqlserver-staging,sqlserver/staging/tables/24_stg_tables_fact_sources.sql
stg,Employee,TABLE,sqlserver-staging,sqlserver/staging/tables/20_stg_tables_master.sql
stg,FxRate,TABLE,sqlserver-staging,sqlserver/staging/tables/21_stg_tables_finance.sql
stg,GLPosting,TABLE,sqlserver-staging,sqlserver/staging/tables/24_stg_tables_fact_sources.sql
stg,Geography,TABLE,sqlserver-staging,sqlserver/staging/tables/20_stg_tables_master.sql
stg,GlJournalLine,TABLE,sqlserver-staging,sqlserver/staging/tables/21_stg_tables_finance.sql
stg,LoyaltyLedger,TABLE,sqlserver-staging,sqlserver/staging/tables/22_stg_tables_sales.sql
stg,LoyaltyPoints,TABLE,sqlserver-staging,sqlserver/staging/tables/24_stg_tables_fact_sources.sql
stg,Movement,TABLE,sqlserver-staging,sqlserver/staging/tables/24_stg_tables_fact_sources.sql
stg,Order,TABLE,sqlserver-staging,sqlserver/staging/tables/22_stg_tables_sales.sql
stg,OrderFulfilment,TABLE,sqlserver-staging,sqlserver/staging/tables/24_stg_tables_fact_sources.sql
stg,OrderLine,TABLE,sqlserver-staging,sqlserver/staging/tables/22_stg_tables_sales.sql
stg,PartnerSale,TABLE,sqlserver-staging,sqlserver/staging/tables/22_stg_tables_sales.sql
stg,Payment,TABLE,sqlserver-staging,sqlserver/staging/tables/21_stg_tables_finance.sql
stg,PaymentTerms,TABLE,sqlserver-staging,sqlserver/staging/tables/21_stg_tables_finance.sql
stg,Product,TABLE,sqlserver-staging,sqlserver/staging/tables/20_stg_tables_master.sql
stg,ProductCategory,TABLE,sqlserver-staging,sqlserver/staging/tables/23_stg_tables_dimension_sources.sql
stg,Promotion,TABLE,sqlserver-staging,sqlserver/staging/tables/20_stg_tables_master.sql
stg,Purchase,TABLE,sqlserver-staging,sqlserver/staging/tables/24_stg_tables_fact_sources.sql
stg,PurchaseOrder,TABLE,sqlserver-staging,sqlserver/staging/tables/21_stg_tables_finance.sql
stg,PurchaseOrderLine,TABLE,sqlserver-staging,sqlserver/staging/tables/21_stg_tables_finance.sql
stg,PurchaseReceipt,TABLE,sqlserver-staging,sqlserver/staging/tables/24_stg_tables_fact_sources.sql
stg,Receipt,TABLE,sqlserver-staging,sqlserver/staging/tables/21_stg_tables_finance.sql
stg,Return,TABLE,sqlserver-staging,sqlserver/staging/tables/22_stg_tables_sales.sql
stg,Sale,TABLE,sqlserver-staging,sqlserver/staging/tables/22_stg_tables_sales.sql
stg,SaleLine,TABLE,sqlserver-staging,sqlserver/staging/tables/22_stg_tables_sales.sql
stg,SalesTerritory,TABLE,sqlserver-staging,sqlserver/staging/tables/20_stg_tables_master.sql
stg,Salesperson,TABLE,sqlserver-staging,sqlserver/staging/tables/20_stg_tables_master.sql
stg,Shipment,TABLE,sqlserver-staging,sqlserver/staging/tables/22_stg_tables_sales.sql
stg,ShipmentLine,TABLE,sqlserver-staging,sqlserver/staging/tables/22_stg_tables_sales.sql
stg,StockHolding,TABLE,sqlserver-staging,sqlserver/staging/tables/24_stg_tables_fact_sources.sql
stg,StockItem,TABLE,sqlserver-staging,sqlserver/staging/tables/20_stg_tables_master.sql
stg,StockMovement,TABLE,sqlserver-staging,sqlserver/staging/tables/22_stg_tables_sales.sql
stg,Supplier,TABLE,sqlserver-staging,sqlserver/staging/tables/20_stg_tables_master.sql
stg,SupplierPayment,TABLE,sqlserver-staging,sqlserver/staging/tables/24_stg_tables_fact_sources.sql
stg,SupplierTransaction,TABLE,sqlserver-staging,sqlserver/staging/tables/24_stg_tables_fact_sources.sql
stg,TaxRate,TABLE,sqlserver-staging,sqlserver/staging/tables/21_stg_tables_finance.sql
stg,Transaction,TABLE,sqlserver-staging,sqlserver/staging/tables/24_stg_tables_fact_sources.sql
stg,VendorContract,TABLE,sqlserver-staging,sqlserver/staging/tables/21_stg_tables_finance.sql
stg,WebSession,TABLE,sqlserver-staging,sqlserver/staging/tables/22_stg_tables_sales.sql
stg,fn_CleanString,SYNONYM,sqlserver-staging,sqlserver/staging/functions/stg.ufn_CleanString.sql
stg,fn_SafeDate,SYNONYM,sqlserver-staging,sqlserver/staging/functions/stg.ufn_SafeDate.sql
stg,fn_SafeDecimal,SYNONYM,sqlserver-staging,sqlserver/staging/functions/stg.ufn_SafeDecimal.sql
stg,fn_SourceSystemKey,SYNONYM,sqlserver-staging,sqlserver/staging/functions/stg.ufn_SourceSystemKey.sql
stg,fn_StandardizePhone,SYNONYM,sqlserver-staging,sqlserver/staging/functions/stg.ufn_StandardizePhone.sql
stg,fn_StandardizePostalCode,SYNONYM,sqlserver-staging,sqlserver/staging/functions/stg.ufn_StandardizePostalCode.sql
stg,ufn_CleanString,FUNCTION,sqlserver-staging,sqlserver/staging/functions/stg.ufn_CleanString.sql
stg,ufn_SafeDate,FUNCTION,sqlserver-staging,sqlserver/staging/functions/stg.ufn_SafeDate.sql
stg,ufn_SafeDecimal,FUNCTION,sqlserver-staging,sqlserver/staging/functions/stg.ufn_SafeDecimal.sql
stg,ufn_SourceSystemKey,FUNCTION,sqlserver-staging,sqlserver/staging/functions/stg.ufn_SourceSystemKey.sql
stg,ufn_StandardizePhone,FUNCTION,sqlserver-staging,sqlserver/staging/functions/stg.ufn_StandardizePhone.sql
stg,ufn_StandardizePostalCode,FUNCTION,sqlserver-staging,sqlserver/staging/functions/stg.ufn_StandardizePostalCode.sql
stg,usp_AppendIncremental_OrderLine,PROCEDURE,sqlserver-staging,sqlserver/staging/procedures/stg.usp_AppendIncremental_OrderLine.sql
stg,usp_AppendIncremental_Payment,PROCEDURE,sqlserver-staging,sqlserver/staging/procedures/stg.usp_AppendIncremental_Payment.sql
stg,usp_AppendIncremental_SaleLine,PROCEDURE,sqlserver-staging,sqlserver/staging/procedures/stg.usp_AppendIncremental_SaleLine.sql
stg,usp_AppendIncremental_Shipment,PROCEDURE,sqlserver-staging,sqlserver/staging/procedures/stg.usp_AppendIncremental_Shipment.sql
stg,usp_AppendIncremental_StockMovement,PROCEDURE,sqlserver-staging,sqlserver/staging/procedures/stg.usp_AppendIncremental_StockMovement.sql
stg,usp_ConformCityForDimension,PROCEDURE,sqlserver-staging,sqlserver/staging/procedures/stg.usp_ConformCityForDimension.sql
stg,usp_ConformCustomerCategoryForDimension,PROCEDURE,sqlserver-staging,sqlserver/staging/procedures/stg.usp_ConformCustomerCategoryForDimension.sql
stg,usp_ConformCustomerSegmentForDimension,PROCEDURE,sqlserver-staging,sqlserver/staging/procedures/stg.usp_ConformCustomerSegmentForDimension.sql
stg,usp_ConformCustomerTransactionForFact,PROCEDURE,sqlserver-staging,sqlserver/staging/procedures/stg.usp_ConformCustomerTransactionForFact.sql
stg,usp_ConformDailyInventorySnapshotForFact,PROCEDURE,sqlserver-staging,sqlserver/staging/procedures/stg.usp_ConformDailyInventorySnapshotForFact.sql
stg,usp_ConformDailySalesSnapshotForFact,PROCEDURE,sqlserver-staging,sqlserver/staging/procedures/stg.usp_ConformDailySalesSnapshotForFact.sql
stg,usp_ConformGlPostingForFact,PROCEDURE,sqlserver-staging,sqlserver/staging/procedures/stg.usp_ConformGlPostingForFact.sql
stg,usp_ConformLoyaltyPointsForFact,PROCEDURE,sqlserver-staging,sqlserver/staging/procedures/stg.usp_ConformLoyaltyPointsForFact.sql
stg,usp_ConformMovementForFact,PROCEDURE,sqlserver-staging,sqlserver/staging/procedures/stg.usp_ConformMovementForFact.sql
stg,usp_ConformOrderFulfilmentForFact,PROCEDURE,sqlserver-staging,sqlserver/staging/procedures/stg.usp_ConformOrderFulfilmentForFact.sql
stg,usp_ConformProductCategoryForDimension,PROCEDURE,sqlserver-staging,sqlserver/staging/procedures/stg.usp_ConformProductCategoryForDimension.sql
stg,usp_ConformPurchaseForFact,PROCEDURE,sqlserver-staging,sqlserver/staging/procedures/stg.usp_ConformPurchaseForFact.sql
stg,usp_ConformPurchaseReceiptForFact,PROCEDURE,sqlserver-staging,sqlserver/staging/procedures/stg.usp_ConformPurchaseReceiptForFact.sql
stg,usp_ConformStockHoldingForFact,PROCEDURE,sqlserver-staging,sqlserver/staging/procedures/stg.usp_ConformStockHoldingForFact.sql
stg,usp_ConformSupplierPaymentForFact,PROCEDURE,sqlserver-staging,sqlserver/staging/procedures/stg.usp_ConformSupplierPaymentForFact.sql
stg,usp_ConformSupplierTransactionForFact,PROCEDURE,sqlserver-staging,sqlserver/staging/procedures/stg.usp_ConformSupplierTransactionForFact.sql
stg,usp_ConformTransactionForFact,PROCEDURE,sqlserver-staging,sqlserver/staging/procedures/stg.usp_ConformTransactionForFact.sql
stg,usp_ConvertCurrencyAmounts,PROCEDURE,sqlserver-staging,sqlserver/staging/procedures/stg.usp_ConvertCurrencyAmounts.sql
stg,usp_DeduplicateCustomer,PROCEDURE,sqlserver-staging,sqlserver/staging/procedures/stg.usp_DeduplicateCustomer.sql
stg,usp_DeduplicateOrderLine,PROCEDURE,sqlserver-staging,sqlserver/staging/procedures/stg.usp_DeduplicateOrderLine.sql
stg,usp_DeduplicateSupplier,PROCEDURE,sqlserver-staging,sqlserver/staging/procedures/stg.usp_DeduplicateSupplier.sql
stg,usp_NormalizeAddress,PROCEDURE,sqlserver-staging,sqlserver/staging/procedures/stg.usp_NormalizeAddress.sql
stg,usp_NormalizeCustomer,PROCEDURE,sqlserver-staging,sqlserver/staging/procedures/stg.usp_NormalizeCustomer.sql
stg,usp_NormalizeSupplier,PROCEDURE,sqlserver-staging,sqlserver/staging/procedures/stg.usp_NormalizeSupplier.sql
stg,usp_TranslateSourceCodes,PROCEDURE,sqlserver-staging,sqlserver/staging/procedures/stg.usp_TranslateSourceCodes.sql
stg,usp_TruncateAndReload_Customer,PROCEDURE,sqlserver-staging,sqlserver/staging/procedures/stg.usp_TruncateAndReload_Customer.sql
stg,usp_TruncateAndReload_Geography,PROCEDURE,sqlserver-staging,sqlserver/staging/procedures/stg.usp_TruncateAndReload_Geography.sql
stg,usp_TruncateAndReload_Product,PROCEDURE,sqlserver-staging,sqlserver/staging/procedures/stg.usp_TruncateAndReload_Product.sql
stg,usp_TruncateAndReload_Receipt,PROCEDURE,sqlserver-staging,sqlserver/staging/procedures/stg.usp_TruncateAndReload_Receipt.sql
stg,usp_TruncateAndReload_Supplier,PROCEDURE,sqlserver-staging,sqlserver/staging/procedures/stg.usp_TruncateAndReload_Supplier.sql
stg,vw_CustomerReadyForDimension,VIEW,sqlserver-staging,sqlserver/staging/views/stg.vw_CustomerReadyForDimension.sql
stg,vw_OrderLineReadyForFact,VIEW,sqlserver-staging,sqlserver/staging/views/stg.vw_OrderLineReadyForFact.sql
stg,vw_PaymentReadyForFact,VIEW,sqlserver-staging,sqlserver/staging/views/stg.vw_PaymentReadyForFact.sql
stg,vw_ProductReadyForDimension,VIEW,sqlserver-staging,sqlserver/staging/views/stg.vw_ProductReadyForDimension.sql
stg,vw_PurchaseLineReadyForFact,VIEW,sqlserver-staging,sqlserver/staging/views/stg.vw_PurchaseLineReadyForFact.sql
stg,vw_SaleLineReadyForFact,VIEW,sqlserver-staging,sqlserver/staging/views/stg.vw_SaleLineReadyForFact.sql
stg,vw_ShipmentReadyForFact,VIEW,sqlserver-staging,sqlserver/staging/views/stg.vw_ShipmentReadyForFact.sql
stg,vw_SupplierReadyForDimension,VIEW,sqlserver-staging,sqlserver/staging/views/stg.vw_SupplierReadyForDimension.sql
work,CurrencyConversionScratch,TABLE,sqlserver-staging,sqlserver/staging/tables/30_work_tables.sql
work,CustomerAddressStandardized,TABLE,sqlserver-staging,sqlserver/staging/tables/30_work_tables.sql
work,CustomerDedup,TABLE,sqlserver-staging,sqlserver/staging/tables/30_work_tables.sql
work,FactRekeyQueue,TABLE,sqlserver-staging,sqlserver/staging/tables/30_work_tables.sql
work,InventoryPositionDaily,TABLE,sqlserver-staging,sqlserver/staging/tables/30_work_tables.sql
work,LateArrivingDimensionQueue,TABLE,sqlserver-staging,sqlserver/staging/tables/30_work_tables.sql
work,OrderLineEnriched,TABLE,sqlserver-staging,sqlserver/staging/tables/30_work_tables.sql
work,PaymentMatched,TABLE,sqlserver-staging,sqlserver/staging/tables/30_work_tables.sql
work,ProductCrosswalk,TABLE,sqlserver-staging,sqlserver/staging/tables/30_work_tables.sql
work,PurchaseLineEnriched,TABLE,sqlserver-staging,sqlserver/staging/tables/30_work_tables.sql
work,SaleLineEnriched,TABLE,sqlserver-staging,sqlserver/staging/tables/30_work_tables.sql
work,SupplierDedup,TABLE,sqlserver-staging,sqlserver/staging/tables/30_work_tables.sql
work,usp_BuildInventoryPositionDaily,PROCEDURE,sqlserver-staging,sqlserver/staging/procedures/work.usp_BuildInventoryPositionDaily.sql
work,usp_BuildProductCrosswalk,PROCEDURE,sqlserver-staging,sqlserver/staging/procedures/work.usp_BuildProductCrosswalk.sql
work,usp_MatchPaymentsToInvoices,PROCEDURE,sqlserver-staging,sqlserver/staging/procedures/work.usp_MatchPaymentsToInvoices.sql
work,usp_QueueLateArrivingDimensions,PROCEDURE,sqlserver-staging,sqlserver/staging/procedures/work.usp_QueueLateArrivingDimensions.sql
