package,project,folder,domain,load_type,criticality,source_system,target_system,parent_package,file_present,path,notes
AGG_Publish_ReportingLayer,WWI_Aggregates,09_aggregates,aggregate,publish,high,SQL Server DW,SQL Server DW,Master_Daily_ETL,yes,ssis/09_aggregates/AGG_Publish_ReportingLayer.dtsx,
AGG_Refresh_Customer360,WWI_Aggregates,09_aggregates,aggregate,aggregate_rebuild,medium,SQL Server DW,SQL Server DW,Master_Month_End,yes,ssis/09_aggregates/AGG_Refresh_Customer360.dtsx,
AGG_Refresh_CustomerRolling12Month,WWI_Aggregates,09_aggregates,aggregate,aggregate_rebuild,medium,SQL Server DW,SQL Server DW,Master_Month_End,yes,ssis/09_aggregates/AGG_Refresh_CustomerRolling12Month.dtsx,
AGG_Refresh_DailyInventoryHealth,WWI_Aggregates,09_aggregates,aggregate,aggregate_rebuild,medium,SQL Server DW,SQL Server DW,Master_Daily_ETL,yes,ssis/09_aggregates/AGG_Refresh_DailyInventoryHealth.dtsx,
AGG_Refresh_DailySalesSummary,WWI_Aggregates,09_aggregates,aggregate,aggregate_rebuild,medium,SQL Server DW,SQL Server DW,Master_Daily_ETL,yes,ssis/09_aggregates/AGG_Refresh_DailySalesSummary.dtsx,
AGG_Refresh_DeliveryPerformanceSummary,WWI_Aggregates,09_aggregates,aggregate,aggregate_rebuild,medium,SQL Server DW,SQL Server DW,Master_Month_End,yes,ssis/09_aggregates/AGG_Refresh_DeliveryPerformanceSummary.dtsx,
AGG_Refresh_FinanceCloseSummary,WWI_Aggregates,09_aggregates,aggregate,aggregate_rebuild,medium,SQL Server DW,SQL Server DW,Master_Month_End,yes,ssis/09_aggregates/AGG_Refresh_FinanceCloseSummary.dtsx,
AGG_Refresh_MonthlyMarginAnalysis,WWI_Aggregates,09_aggregates,aggregate,aggregate_rebuild,medium,SQL Server DW,SQL Server DW,Master_Month_End,yes,ssis/09_aggregates/AGG_Refresh_MonthlyMarginAnalysis.dtsx,
AGG_Refresh_MonthlySalesSummary,WWI_Aggregates,09_aggregates,aggregate,aggregate_rebuild,medium,SQL Server DW,SQL Server DW,Master_Month_End,yes,ssis/09_aggregates/AGG_Refresh_MonthlySalesSummary.dtsx,
AGG_Refresh_ProductPerformance,WWI_Aggregates,09_aggregates,aggregate,aggregate_rebuild,medium,SQL Server DW,SQL Server DW,Master_Month_End,yes,ssis/09_aggregates/AGG_Refresh_ProductPerformance.dtsx,
AGG_Refresh_PromotionEffectiveness,WWI_Aggregates,09_aggregates,aggregate,aggregate_rebuild,medium,SQL Server DW,SQL Server DW,Master_Month_End,yes,ssis/09_aggregates/AGG_Refresh_PromotionEffectiveness.dtsx,
AGG_Refresh_RegionalSalesPerformance,WWI_Aggregates,09_aggregates,aggregate,aggregate_rebuild,medium,SQL Server DW,SQL Server DW,Master_Month_End,yes,ssis/09_aggregates/AGG_Refresh_RegionalSalesPerformance.dtsx,
AGG_Refresh_SupplierPerformance,WWI_Aggregates,09_aggregates,aggregate,aggregate_rebuild,medium,SQL Server DW,SQL Server DW,Master_Month_End,yes,ssis/09_aggregates/AGG_Refresh_SupplierPerformance.dtsx,
C360_Build_ChurnFlags,WWI_Customer360,14_customer_360,customer 360,business_rule,medium,SQL Server DW,SQL Server DW,Master_Daily_ETL,yes,ssis/14_customer_360/C360_Build_ChurnFlags.dtsx,Churn-risk rule evaluation
C360_Build_CustomerProfile,WWI_Customer360,14_customer_360,customer 360,business_rule,medium,SQL Server DW,SQL Server DW,Master_Daily_ETL,yes,ssis/14_customer_360/C360_Build_CustomerProfile.dtsx,Core profile build
C360_Build_LoyaltyOverlay,WWI_Customer360,14_customer_360,customer 360,business_rule,medium,SQL Server DW,SQL Server DW,Master_Daily_ETL,yes,ssis/14_customer_360/C360_Build_LoyaltyOverlay.dtsx,Loyalty overlay merge
C360_Build_RollingMetrics,WWI_Customer360,14_customer_360,customer 360,business_rule,medium,SQL Server DW,SQL Server DW,Master_Daily_ETL,yes,ssis/14_customer_360/C360_Build_RollingMetrics.dtsx,Rolling 12-month metrics
C360_Publish_Segments,WWI_Customer360,14_customer_360,customer 360,business_rule,medium,SQL Server DW,SQL Server DW,Master_Daily_ETL,yes,ssis/14_customer_360/C360_Publish_Segments.dtsx,Writes derived segments back to the dimension
DIM_APAC_Load_Customer,WWI_Dimensions,07_dimensions,dimension,SCD2,high,SQL Server Staging,SQL Server DW,Master_Daily_ETL,yes,ssis/07_dimensions/DIM_APAC_Load_Customer.dtsx,
DIM_EU_Load_Customer,WWI_Dimensions,07_dimensions,dimension,SCD2,high,SQL Server Staging,SQL Server DW,Master_Daily_ETL,yes,ssis/07_dimensions/DIM_EU_Load_Customer.dtsx,
DIM_Load_City,WWI_Dimensions,07_dimensions,dimension,SCD2,high,SQL Server Staging,SQL Server DW,Master_Daily_ETL,yes,ssis/07_dimensions/DIM_Load_City.dtsx,
DIM_Load_CustomerCategory,WWI_Dimensions,07_dimensions,dimension,SCD1,medium,SQL Server Staging,SQL Server DW,Master_Daily_ETL,yes,ssis/07_dimensions/DIM_Load_CustomerCategory.dtsx,
DIM_Load_CustomerSegment,WWI_Dimensions,07_dimensions,dimension,SCD2,high,SQL Server Staging,SQL Server DW,Master_Daily_ETL,yes,ssis/07_dimensions/DIM_Load_CustomerSegment.dtsx,
DIM_Load_Employee,WWI_Dimensions,07_dimensions,dimension,SCD2,high,SQL Server Staging,SQL Server DW,Master_Daily_ETL,yes,ssis/07_dimensions/DIM_Load_Employee.dtsx,
DIM_Load_ProductCategory,WWI_Dimensions,07_dimensions,dimension,SCD1,medium,SQL Server Staging,SQL Server DW,Master_Daily_ETL,yes,ssis/07_dimensions/DIM_Load_ProductCategory.dtsx,
DIM_Load_Promotion,WWI_Dimensions,07_dimensions,dimension,SCD2,high,SQL Server Staging,SQL Server DW,Master_Daily_ETL,yes,ssis/07_dimensions/DIM_Load_Promotion.dtsx,
DIM_Load_SalesTerritory,WWI_Dimensions,07_dimensions,dimension,SCD1,medium,SQL Server Staging,SQL Server DW,Master_Daily_ETL,yes,ssis/07_dimensions/DIM_Load_SalesTerritory.dtsx,
DIM_Load_Salesperson,WWI_Dimensions,07_dimensions,dimension,SCD2,high,SQL Server Staging,SQL Server DW,Master_Daily_ETL,yes,ssis/07_dimensions/DIM_Load_Salesperson.dtsx,
DIM_Load_StockItem,WWI_Dimensions,07_dimensions,dimension,SCD2,high,SQL Server Staging,SQL Server DW,Master_Daily_ETL,yes,ssis/07_dimensions/DIM_Load_StockItem.dtsx,
DIM_Load_Supplier,WWI_Dimensions,07_dimensions,dimension,SCD2,high,SQL Server Staging,SQL Server DW,Master_Daily_ETL,yes,ssis/07_dimensions/DIM_Load_Supplier.dtsx,
DIM_Load_VendorContract,WWI_Dimensions,07_dimensions,dimension,SCD2,high,SQL Server Staging,SQL Server DW,Master_Daily_ETL,yes,ssis/07_dimensions/DIM_Load_VendorContract.dtsx,
DIM_NA_Load_Customer,WWI_Dimensions,07_dimensions,dimension,SCD2,high,SQL Server Staging,SQL Server DW,Master_Daily_ETL,yes,ssis/07_dimensions/DIM_NA_Load_Customer.dtsx,
DIM_Rekey_LateArriving,WWI_Dimensions,07_dimensions,dimension,rekey,high,SQL Server Staging,SQL Server DW,Master_Daily_ETL,yes,ssis/07_dimensions/DIM_Rekey_LateArriving.dtsx,
DQ_Customer_Screen,WWI_DataQuality,05_data_quality,data quality,quality_screen,high,SQL Server Staging,SQL Server Staging,Master_Daily_ETL,yes,ssis/05_data_quality/DQ_Customer_Screen.dtsx,"Null required attributes, invalid country codes"
DQ_File_Screen,WWI_DataQuality,05_data_quality,data quality,quality_screen,high,SQL Server Staging,SQL Server Staging,Master_Daily_ETL,yes,ssis/05_data_quality/DQ_File_Screen.dtsx,"Malformed delimiters, unparsable dates"
DQ_InvoiceLine_Screen,WWI_DataQuality,05_data_quality,data quality,quality_screen,high,SQL Server Staging,SQL Server Staging,Master_Daily_ETL,yes,ssis/05_data_quality/DQ_InvoiceLine_Screen.dtsx,"Tax mismatch, invalid currency code"
DQ_OrderLine_Screen,WWI_DataQuality,05_data_quality,data quality,quality_screen,high,SQL Server Staging,SQL Server Staging,Master_Daily_ETL,yes,ssis/05_data_quality/DQ_OrderLine_Screen.dtsx,"Failed customer lookup, invalid quantity"
DQ_Payment_Screen,WWI_DataQuality,05_data_quality,data quality,quality_screen,high,SQL Server Staging,SQL Server Staging,Master_Daily_ETL,yes,ssis/05_data_quality/DQ_Payment_Screen.dtsx,"Payment without invoice, future-dated payment"
DQ_Referential_Screen,WWI_DataQuality,05_data_quality,data quality,quality_screen,high,SQL Server Staging,SQL Server Staging,Master_Daily_ETL,yes,ssis/05_data_quality/DQ_Referential_Screen.dtsx,Orphan foreign keys against dimensions
DQ_Reject_Reprocess,WWI_DataQuality,05_data_quality,data quality,quality_screen,high,SQL Server Staging,SQL Server Staging,Master_Daily_ETL,yes,ssis/05_data_quality/DQ_Reject_Reprocess.dtsx,Reprocess rejects after late dimension arrival
DQ_Rule_Engine,WWI_DataQuality,05_data_quality,data quality,quality_screen,high,SQL Server Staging,SQL Server Staging,Master_Daily_ETL,yes,ssis/05_data_quality/DQ_Rule_Engine.dtsx,Configurable rule evaluation across staged tables
DQ_Supplier_Screen,WWI_DataQuality,05_data_quality,data quality,quality_screen,high,SQL Server Staging,SQL Server Staging,Master_Daily_ETL,yes,ssis/05_data_quality/DQ_Supplier_Screen.dtsx,"Duplicate tax IDs, missing payment terms"
DQ_Threshold_Gate,WWI_DataQuality,05_data_quality,data quality,quality_screen,high,SQL Server Staging,SQL Server Staging,Master_Daily_ETL,yes,ssis/05_data_quality/DQ_Threshold_Gate.dtsx,Fail batch when reject rate exceeds tolerance
ERR_Handle_PackageFailure,WWI_ErrorHandling,15_error_handling,error handling,utility,high,SQL Server Staging,SQL Server Staging,Master_Daily_ETL,yes,ssis/15_error_handling/ERR_Handle_PackageFailure.dtsx,Central OnError handler invoked by child packages
ERR_Notify_Operations,WWI_ErrorHandling,15_error_handling,error handling,utility,high,SQL Server Staging,SQL Server Staging,Master_Daily_ETL,yes,ssis/15_error_handling/ERR_Notify_Operations.dtsx,Writes an operator notification row for failed batches
ERR_Quarantine_BadFiles,WWI_ErrorHandling,15_error_handling,error handling,utility,high,SQL Server Staging,SQL Server Staging,Master_Daily_ETL,yes,ssis/15_error_handling/ERR_Quarantine_BadFiles.dtsx,Moves unparsable input files to quarantine
ERR_Reconcile_RowCounts,WWI_ErrorHandling,15_error_handling,error handling,utility,high,SQL Server Staging,SQL Server Staging,Master_Daily_ETL,yes,ssis/15_error_handling/ERR_Reconcile_RowCounts.dtsx,Compares source and target row counts per batch
ERR_Retry_FailedSteps,WWI_ErrorHandling,15_error_handling,error handling,utility,high,SQL Server Staging,SQL Server Staging,Master_Daily_ETL,yes,ssis/15_error_handling/ERR_Retry_FailedSteps.dtsx,Retries transient extract failures up to a configured count
ERR_Route_RejectedRows,WWI_ErrorHandling,15_error_handling,error handling,utility,high,SQL Server Staging,SQL Server Staging,Master_Daily_ETL,yes,ssis/15_error_handling/ERR_Route_RejectedRows.dtsx,Routes reject tables to the error file share
EXT_ORA_ApAging,WWI_Extract_Oracle,01_oracle_extract,extract,full,medium,Oracle,SQL Server Staging,Master_Daily_ETL,yes,ssis/01_oracle_extract/EXT_ORA_ApAging.dtsx,
EXT_ORA_ApInvoiceHdr,WWI_Extract_Oracle,01_oracle_extract,extract,incremental_timestamp,high,Oracle,SQL Server Staging,Master_Daily_ETL,yes,ssis/01_oracle_extract/EXT_ORA_ApInvoiceHdr.dtsx,
EXT_ORA_ApInvoiceLine,WWI_Extract_Oracle,01_oracle_extract,extract,incremental_key,high,Oracle,SQL Server Staging,Master_Daily_ETL,yes,ssis/01_oracle_extract/EXT_ORA_ApInvoiceLine.dtsx,
EXT_ORA_ApPayment,WWI_Extract_Oracle,01_oracle_extract,extract,incremental_timestamp,high,Oracle,SQL Server Staging,Master_Daily_ETL,yes,ssis/01_oracle_extract/EXT_ORA_ApPayment.dtsx,
EXT_ORA_ApPaymentApply,WWI_Extract_Oracle,01_oracle_extract,extract,incremental_key,medium,Oracle,SQL Server Staging,Master_Daily_ETL,yes,ssis/01_oracle_extract/EXT_ORA_ApPaymentApply.dtsx,
EXT_ORA_CodeTranslation,WWI_Extract_Oracle,01_oracle_extract,extract,full,medium,Oracle,SQL Server Staging,Master_Daily_ETL,yes,ssis/01_oracle_extract/EXT_ORA_CodeTranslation.dtsx,
EXT_ORA_CostCenter,WWI_Extract_Oracle,01_oracle_extract,extract,full,medium,Oracle,SQL Server Staging,Master_Daily_ETL,yes,ssis/01_oracle_extract/EXT_ORA_CostCenter.dtsx,
EXT_ORA_Currency,WWI_Extract_Oracle,01_oracle_extract,extract,full,high,Oracle,SQL Server Staging,Master_Daily_ETL,yes,ssis/01_oracle_extract/EXT_ORA_Currency.dtsx,
EXT_ORA_CustomerAddress,WWI_Extract_Oracle,01_oracle_extract,extract,incremental_timestamp,high,Oracle,SQL Server Staging,Master_Daily_ETL,yes,ssis/01_oracle_extract/EXT_ORA_CustomerAddress.dtsx,
EXT_ORA_CustomerMaster,WWI_Extract_Oracle,01_oracle_extract,extract,incremental_timestamp,high,Oracle,SQL Server Staging,Master_Daily_ETL,yes,ssis/01_oracle_extract/EXT_ORA_CustomerMaster.dtsx,
EXT_ORA_FxRateDaily,WWI_Extract_Oracle,01_oracle_extract,extract,date_window,high,Oracle,SQL Server Staging,Master_Daily_ETL,yes,ssis/01_oracle_extract/EXT_ORA_FxRateDaily.dtsx,
EXT_ORA_Geography,WWI_Extract_Oracle,01_oracle_extract,extract,full,medium,Oracle,SQL Server Staging,Master_Daily_ETL,yes,ssis/01_oracle_extract/EXT_ORA_Geography.dtsx,
EXT_ORA_GlJournalLine,WWI_Extract_Oracle,01_oracle_extract,extract,date_window,high,Oracle,SQL Server Staging,Master_Daily_ETL,yes,ssis/01_oracle_extract/EXT_ORA_GlJournalLine.dtsx,
EXT_ORA_PaymentTerms,WWI_Extract_Oracle,01_oracle_extract,extract,full,medium,Oracle,SQL Server Staging,Master_Daily_ETL,yes,ssis/01_oracle_extract/EXT_ORA_PaymentTerms.dtsx,
EXT_ORA_ProductHierarchy,WWI_Extract_Oracle,01_oracle_extract,extract,full,medium,Oracle,SQL Server Staging,Master_Daily_ETL,yes,ssis/01_oracle_extract/EXT_ORA_ProductHierarchy.dtsx,
EXT_ORA_ProductMaster,WWI_Extract_Oracle,01_oracle_extract,extract,incremental_timestamp,high,Oracle,SQL Server Staging,Master_Daily_ETL,yes,ssis/01_oracle_extract/EXT_ORA_ProductMaster.dtsx,
EXT_ORA_PurchaseOrderHdr,WWI_Extract_Oracle,01_oracle_extract,extract,incremental_timestamp,high,Oracle,SQL Server Staging,Master_Daily_ETL,yes,ssis/01_oracle_extract/EXT_ORA_PurchaseOrderHdr.dtsx,
EXT_ORA_PurchaseOrderLine,WWI_Extract_Oracle,01_oracle_extract,extract,incremental_key,high,Oracle,SQL Server Staging,Master_Daily_ETL,yes,ssis/01_oracle_extract/EXT_ORA_PurchaseOrderLine.dtsx,
EXT_ORA_ReceiptLine,WWI_Extract_Oracle,01_oracle_extract,extract,incremental_key,high,Oracle,SQL Server Staging,Master_Daily_ETL,yes,ssis/01_oracle_extract/EXT_ORA_ReceiptLine.dtsx,
EXT_ORA_SupplierMaster,WWI_Extract_Oracle,01_oracle_extract,extract,incremental_timestamp,high,Oracle,SQL Server Staging,Master_Daily_ETL,yes,ssis/01_oracle_extract/EXT_ORA_SupplierMaster.dtsx,
EXT_ORA_TaxRate,WWI_Extract_Oracle,01_oracle_extract,extract,full,medium,Oracle,SQL Server Staging,Master_Daily_ETL,yes,ssis/01_oracle_extract/EXT_ORA_TaxRate.dtsx,
EXT_ORA_VendorContract,WWI_Extract_Oracle,01_oracle_extract,extract,full,medium,Oracle,SQL Server Staging,Master_Daily_ETL,yes,ssis/01_oracle_extract/EXT_ORA_VendorContract.dtsx,
EXT_SQL_Cities,WWI_Extract_SqlServer,02_sqlserver_extract,extract,full,medium,SQL Server OLTP,SQL Server Staging,Master_Daily_ETL,yes,ssis/02_sqlserver_extract/EXT_SQL_Cities.dtsx,
EXT_SQL_CreditNotes,WWI_Extract_SqlServer,02_sqlserver_extract,extract,incremental_key,medium,SQL Server OLTP,SQL Server Staging,Master_Daily_ETL,yes,ssis/02_sqlserver_extract/EXT_SQL_CreditNotes.dtsx,
EXT_SQL_CustomerSegments,WWI_Extract_SqlServer,02_sqlserver_extract,extract,full,medium,SQL Server OLTP,SQL Server Staging,Master_Daily_ETL,yes,ssis/02_sqlserver_extract/EXT_SQL_CustomerSegments.dtsx,
EXT_SQL_CustomerTransactions,WWI_Extract_SqlServer,02_sqlserver_extract,extract,incremental_key,high,SQL Server OLTP,SQL Server Staging,Master_Daily_ETL,yes,ssis/02_sqlserver_extract/EXT_SQL_CustomerTransactions.dtsx,
EXT_SQL_InvoiceLines,WWI_Extract_SqlServer,02_sqlserver_extract,extract,incremental_key,high,SQL Server OLTP,SQL Server Staging,Master_Daily_ETL,yes,ssis/02_sqlserver_extract/EXT_SQL_InvoiceLines.dtsx,
EXT_SQL_Invoices,WWI_Extract_SqlServer,02_sqlserver_extract,extract,incremental_key,high,SQL Server OLTP,SQL Server Staging,Master_Daily_ETL,yes,ssis/02_sqlserver_extract/EXT_SQL_Invoices.dtsx,
EXT_SQL_LoyaltyLedger,WWI_Extract_SqlServer,02_sqlserver_extract,extract,incremental_key,medium,SQL Server OLTP,SQL Server Staging,Master_Daily_ETL,yes,ssis/02_sqlserver_extract/EXT_SQL_LoyaltyLedger.dtsx,
EXT_SQL_OrderLines,WWI_Extract_SqlServer,02_sqlserver_extract,extract,incremental_key,high,SQL Server OLTP,SQL Server Staging,Master_Daily_ETL,yes,ssis/02_sqlserver_extract/EXT_SQL_OrderLines.dtsx,
EXT_SQL_Orders,WWI_Extract_SqlServer,02_sqlserver_extract,extract,incremental_key,high,SQL Server OLTP,SQL Server Staging,Master_Daily_ETL,yes,ssis/02_sqlserver_extract/EXT_SQL_Orders.dtsx,
EXT_SQL_PaymentMethods,WWI_Extract_SqlServer,02_sqlserver_extract,extract,full,low,SQL Server OLTP,SQL Server Staging,Master_Daily_ETL,yes,ssis/02_sqlserver_extract/EXT_SQL_PaymentMethods.dtsx,
EXT_SQL_People,WWI_Extract_SqlServer,02_sqlserver_extract,extract,full,medium,SQL Server OLTP,SQL Server Staging,Master_Daily_ETL,yes,ssis/02_sqlserver_extract/EXT_SQL_People.dtsx,
EXT_SQL_Promotions,WWI_Extract_SqlServer,02_sqlserver_extract,extract,full,medium,SQL Server OLTP,SQL Server Staging,Master_Daily_ETL,yes,ssis/02_sqlserver_extract/EXT_SQL_Promotions.dtsx,
EXT_SQL_Returns,WWI_Extract_SqlServer,02_sqlserver_extract,extract,incremental_key,medium,SQL Server OLTP,SQL Server Staging,Master_Daily_ETL,yes,ssis/02_sqlserver_extract/EXT_SQL_Returns.dtsx,
EXT_SQL_SalesTerritories,WWI_Extract_SqlServer,02_sqlserver_extract,extract,full,medium,SQL Server OLTP,SQL Server Staging,Master_Daily_ETL,yes,ssis/02_sqlserver_extract/EXT_SQL_SalesTerritories.dtsx,
EXT_SQL_ShipmentLines,WWI_Extract_SqlServer,02_sqlserver_extract,extract,incremental_key,high,SQL Server OLTP,SQL Server Staging,Master_Daily_ETL,yes,ssis/02_sqlserver_extract/EXT_SQL_ShipmentLines.dtsx,
EXT_SQL_Shipments,WWI_Extract_SqlServer,02_sqlserver_extract,extract,incremental_key,high,SQL Server OLTP,SQL Server Staging,Master_Daily_ETL,yes,ssis/02_sqlserver_extract/EXT_SQL_Shipments.dtsx,
EXT_SQL_StockItems,WWI_Extract_SqlServer,02_sqlserver_extract,extract,incremental_timestamp,high,SQL Server OLTP,SQL Server Staging,Master_Daily_ETL,yes,ssis/02_sqlserver_extract/EXT_SQL_StockItems.dtsx,
EXT_SQL_StockMovements,WWI_Extract_SqlServer,02_sqlserver_extract,extract,incremental_key,high,SQL Server OLTP,SQL Server Staging,Master_Daily_ETL,yes,ssis/02_sqlserver_extract/EXT_SQL_StockMovements.dtsx,
EXT_SQL_StockTransfers,WWI_Extract_SqlServer,02_sqlserver_extract,extract,incremental_key,medium,SQL Server OLTP,SQL Server Staging,Master_Daily_ETL,yes,ssis/02_sqlserver_extract/EXT_SQL_StockTransfers.dtsx,
EXT_SQL_SupplierTransactions,WWI_Extract_SqlServer,02_sqlserver_extract,extract,incremental_key,medium,SQL Server OLTP,SQL Server Staging,Master_Daily_ETL,yes,ssis/02_sqlserver_extract/EXT_SQL_SupplierTransactions.dtsx,
EXT_SQL_TransactionTypes,WWI_Extract_SqlServer,02_sqlserver_extract,extract,full,low,SQL Server OLTP,SQL Server Staging,Master_Daily_ETL,yes,ssis/02_sqlserver_extract/EXT_SQL_TransactionTypes.dtsx,
EXT_SQL_WebSessions,WWI_Extract_SqlServer,02_sqlserver_extract,extract,date_window,low,SQL Server OLTP,SQL Server Staging,Master_Daily_ETL,yes,ssis/02_sqlserver_extract/EXT_SQL_WebSessions.dtsx,
FACT_APAC_Load_Sale,WWI_Facts,08_facts,fact,incremental_fact,high,SQL Server Staging,SQL Server DW,Master_Daily_ETL,yes,ssis/08_facts/FACT_APAC_Load_Sale.dtsx,
FACT_Apply_Corrections,WWI_Facts,08_facts,fact,correction,high,SQL Server Staging,SQL Server DW,Master_Month_End,yes,ssis/08_facts/FACT_Apply_Corrections.dtsx,
FACT_Dedup_Sale,WWI_Facts,08_facts,fact,dedup,medium,SQL Server DW,SQL Server DW,Master_Daily_ETL,yes,ssis/08_facts/FACT_Dedup_Sale.dtsx,
FACT_EU_Load_Sale,WWI_Facts,08_facts,fact,incremental_fact,high,SQL Server Staging,SQL Server DW,Master_Daily_ETL,yes,ssis/08_facts/FACT_EU_Load_Sale.dtsx,
FACT_Load_CreditNote,WWI_Facts,08_facts,fact,incremental_fact,high,SQL Server Staging,SQL Server DW,Master_Daily_ETL,yes,ssis/08_facts/FACT_Load_CreditNote.dtsx,
FACT_Load_CustomerTransaction,WWI_Facts,08_facts,fact,incremental_fact,high,SQL Server Staging,SQL Server DW,Master_Daily_ETL,yes,ssis/08_facts/FACT_Load_CustomerTransaction.dtsx,
FACT_Load_DailyInventorySnapshot,WWI_Facts,08_facts,fact,snapshot_fact,medium,SQL Server Staging,SQL Server DW,Master_Daily_ETL,yes,ssis/08_facts/FACT_Load_DailyInventorySnapshot.dtsx,
FACT_Load_DailySalesSnapshot,WWI_Facts,08_facts,fact,snapshot_fact,medium,SQL Server Staging,SQL Server DW,Master_Daily_ETL,yes,ssis/08_facts/FACT_Load_DailySalesSnapshot.dtsx,
FACT_Load_GLPosting,WWI_Facts,08_facts,fact,incremental_fact,high,SQL Server Staging,SQL Server DW,Master_Daily_ETL,yes,ssis/08_facts/FACT_Load_GLPosting.dtsx,
FACT_Load_LoyaltyPoints,WWI_Facts,08_facts,fact,incremental_fact,high,SQL Server Staging,SQL Server DW,Master_Daily_ETL,yes,ssis/08_facts/FACT_Load_LoyaltyPoints.dtsx,
FACT_Load_Movement,WWI_Facts,08_facts,fact,incremental_fact,high,SQL Server Staging,SQL Server DW,Master_Daily_ETL,yes,ssis/08_facts/FACT_Load_Movement.dtsx,
FACT_Load_Order,WWI_Facts,08_facts,fact,incremental_fact,high,SQL Server Staging,SQL Server DW,Master_Daily_ETL,yes,ssis/08_facts/FACT_Load_Order.dtsx,
FACT_Load_OrderFulfilment,WWI_Facts,08_facts,fact,snapshot_fact,medium,SQL Server Staging,SQL Server DW,Master_Daily_ETL,yes,ssis/08_facts/FACT_Load_OrderFulfilment.dtsx,
FACT_Load_Payment,WWI_Facts,08_facts,fact,incremental_fact,high,SQL Server Staging,SQL Server DW,Master_Daily_ETL,yes,ssis/08_facts/FACT_Load_Payment.dtsx,
FACT_Load_Purchase,WWI_Facts,08_facts,fact,incremental_fact,high,SQL Server Staging,SQL Server DW,Master_Daily_ETL,yes,ssis/08_facts/FACT_Load_Purchase.dtsx,
FACT_Load_PurchaseReceipt,WWI_Facts,08_facts,fact,incremental_fact,high,SQL Server Staging,SQL Server DW,Master_Daily_ETL,yes,ssis/08_facts/FACT_Load_PurchaseReceipt.dtsx,
FACT_Load_Return,WWI_Facts,08_facts,fact,incremental_fact,high,SQL Server Staging,SQL Server DW,Master_Daily_ETL,yes,ssis/08_facts/FACT_Load_Return.dtsx,
FACT_Load_Shipment,WWI_Facts,08_facts,fact,snapshot_fact,medium,SQL Server Staging,SQL Server DW,Master_Daily_ETL,yes,ssis/08_facts/FACT_Load_Shipment.dtsx,
FACT_Load_StockHolding,WWI_Facts,08_facts,fact,snapshot_fact,medium,SQL Server Staging,SQL Server DW,Master_Daily_ETL,yes,ssis/08_facts/FACT_Load_StockHolding.dtsx,
FACT_Load_SupplierPayment,WWI_Facts,08_facts,fact,incremental_fact,high,SQL Server Staging,SQL Server DW,Master_Daily_ETL,yes,ssis/08_facts/FACT_Load_SupplierPayment.dtsx,
FACT_Load_SupplierTransaction,WWI_Facts,08_facts,fact,incremental_fact,high,SQL Server Staging,SQL Server DW,Master_Daily_ETL,yes,ssis/08_facts/FACT_Load_SupplierTransaction.dtsx,
FACT_Load_Transaction,WWI_Facts,08_facts,fact,incremental_fact,high,SQL Server Staging,SQL Server DW,Master_Daily_ETL,yes,ssis/08_facts/FACT_Load_Transaction.dtsx,
FACT_Load_WebSession,WWI_Facts,08_facts,fact,incremental_fact,high,SQL Server Staging,SQL Server DW,Master_Daily_ETL,yes,ssis/08_facts/FACT_Load_WebSession.dtsx,
FACT_NA_Load_Sale,WWI_Facts,08_facts,fact,incremental_fact,high,SQL Server Staging,SQL Server DW,Master_Daily_ETL,yes,ssis/08_facts/FACT_NA_Load_Sale.dtsx,
FIN_Close_PeriodLock,WWI_Finance,10_finance,finance,business_rule,high,SQL Server DW,SQL Server DW,Master_Finance_Close,yes,ssis/10_finance/FIN_Close_PeriodLock.dtsx,Locks the period once close completes
FIN_Currency_Revaluation,WWI_Finance,10_finance,finance,business_rule,high,SQL Server Staging,SQL Server DW,Master_Finance_Close,yes,ssis/10_finance/FIN_Currency_Revaluation.dtsx,Month-end FX revaluation of open items
FIN_Load_ApAging,WWI_Finance,10_finance,finance,business_rule,high,SQL Server Staging,SQL Server DW,Master_Finance_Close,yes,ssis/10_finance/FIN_Load_ApAging.dtsx,Month-end AP aging refresh with 30/60/90 buckets
FIN_Load_CostAllocation,WWI_Finance,10_finance,finance,business_rule,high,SQL Server Staging,SQL Server DW,Master_Finance_Close,yes,ssis/10_finance/FIN_Load_CostAllocation.dtsx,Cost-centre allocation rules
FIN_Load_GlPostings,WWI_Finance,10_finance,finance,business_rule,high,SQL Server Staging,SQL Server DW,Master_Finance_Close,yes,ssis/10_finance/FIN_Load_GlPostings.dtsx,GL posting load with period-status gating
FIN_Load_WithholdingTax,WWI_Finance,10_finance,finance,business_rule,high,SQL Server Staging,SQL Server DW,Master_Finance_Close,yes,ssis/10_finance/FIN_Load_WithholdingTax.dtsx,Withholding tax split by jurisdiction
FIN_Reconcile_SubledgerToGl,WWI_Finance,10_finance,finance,business_rule,high,SQL Server DW,SQL Server DW,Master_Finance_Close,yes,ssis/10_finance/FIN_Reconcile_SubledgerToGl.dtsx,Subledger vs GL tie-out
ING_FILE_CarrierScan,WWI_Ingest_Files,03_file_ingestion,ingestion,file_ingest,medium,File share,SQL Server Staging,Master_Hourly_Incremental,yes,ssis/03_file_ingestion/ING_FILE_CarrierScan.dtsx,
ING_FILE_FxOverride,WWI_Ingest_Files,03_file_ingestion,ingestion,file_ingest,medium,File share,SQL Server Staging,Master_Hourly_Incremental,yes,ssis/03_file_ingestion/ING_FILE_FxOverride.dtsx,
ING_FILE_PartnerSales_APAC,WWI_Ingest_Files,03_file_ingestion,ingestion,file_ingest,low,File share,SQL Server Staging,Master_Hourly_Incremental,yes,ssis/03_file_ingestion/ING_FILE_PartnerSales_APAC.dtsx,
ING_FILE_PartnerSales_EU,WWI_Ingest_Files,03_file_ingestion,ingestion,file_ingest,low,File share,SQL Server Staging,Master_Hourly_Incremental,yes,ssis/03_file_ingestion/ING_FILE_PartnerSales_EU.dtsx,
ING_FILE_PartnerSales_NA,WWI_Ingest_Files,03_file_ingestion,ingestion,file_ingest,low,File share,SQL Server Staging,Master_Hourly_Incremental,yes,ssis/03_file_ingestion/ING_FILE_PartnerSales_NA.dtsx,
ING_FILE_QuarantineMalformed,WWI_Ingest_Files,03_file_ingestion,ingestion,file_ingest,medium,File share,SQL Server Staging,Master_Hourly_Incremental,yes,ssis/03_file_ingestion/ING_FILE_QuarantineMalformed.dtsx,
ING_FILE_SupplierCatalog,WWI_Ingest_Files,03_file_ingestion,ingestion,file_ingest,medium,File share,SQL Server Staging,Master_Hourly_Incremental,yes,ssis/03_file_ingestion/ING_FILE_SupplierCatalog.dtsx,
INV_Load_CycleCountVariance,WWI_Inventory,12_inventory,inventory,business_rule,medium,SQL Server Staging,SQL Server DW,Master_Daily_ETL,yes,ssis/12_inventory/INV_Load_CycleCountVariance.dtsx,Cycle-count variance posting
INV_Load_DailySnapshot,WWI_Inventory,12_inventory,inventory,business_rule,medium,SQL Server DW,SQL Server DW,Master_Daily_ETL,yes,ssis/12_inventory/INV_Load_DailySnapshot.dtsx,Daily stock position snapshot
INV_Load_Replenishment,WWI_Inventory,12_inventory,inventory,business_rule,medium,SQL Server Staging,SQL Server DW,Master_Daily_ETL,yes,ssis/12_inventory/INV_Load_Replenishment.dtsx,Replenishment suggestion refresh
INV_Load_StockTransfer,WWI_Inventory,12_inventory,inventory,business_rule,medium,SQL Server Staging,SQL Server DW,Master_Daily_ETL,yes,ssis/12_inventory/INV_Load_StockTransfer.dtsx,Inter-site transfer movements
INV_Reconcile_OnHand,WWI_Inventory,12_inventory,inventory,business_rule,medium,SQL Server DW,SQL Server DW,Master_Daily_ETL,yes,ssis/12_inventory/INV_Reconcile_OnHand.dtsx,DW on-hand vs OLTP on-hand tie-out
MNT_Archive_ProcessedFiles,WWI_Maintenance,99_maintenance,maintenance,utility,low,SQL Server DW,SQL Server DW,Master_Weekly_Maintenance,yes,ssis/99_maintenance/MNT_Archive_ProcessedFiles.dtsx,Archives processed input files
MNT_Check_DiskSpace,WWI_Maintenance,99_maintenance,maintenance,utility,low,SQL Server DW,SQL Server DW,Master_Weekly_Maintenance,yes,ssis/99_maintenance/MNT_Check_DiskSpace.dtsx,Pre-flight environment checks before the nightly batch
MNT_Purge_ControlHistory,WWI_Maintenance,99_maintenance,maintenance,utility,low,SQL Server DW,SQL Server DW,Master_Weekly_Maintenance,yes,ssis/99_maintenance/MNT_Purge_ControlHistory.dtsx,Purges etl control tables beyond retention
MNT_Purge_StagingHistory,WWI_Maintenance,99_maintenance,maintenance,utility,low,SQL Server DW,SQL Server DW,Master_Weekly_Maintenance,yes,ssis/99_maintenance/MNT_Purge_StagingHistory.dtsx,Purges raw/work tables beyond retention
MNT_Rebuild_Indexes,WWI_Maintenance,99_maintenance,maintenance,utility,low,SQL Server DW,SQL Server DW,Master_Weekly_Maintenance,yes,ssis/99_maintenance/MNT_Rebuild_Indexes.dtsx,Index and columnstore maintenance for the DW
MNT_Update_Statistics,WWI_Maintenance,99_maintenance,maintenance,utility,low,SQL Server DW,SQL Server DW,Master_Weekly_Maintenance,yes,ssis/99_maintenance/MNT_Update_Statistics.dtsx,Statistics refresh after the nightly load
MNT_Validate_Configuration,WWI_Maintenance,99_maintenance,maintenance,utility,low,SQL Server DW,SQL Server DW,Master_Weekly_Maintenance,yes,ssis/99_maintenance/MNT_Validate_Configuration.dtsx,Asserts required configuration keys exist
Master_Customer_Sync,WWI_Orchestration,00_orchestration,orchestration,orchestration,high,n/a,n/a,,yes,ssis/00_orchestration/Master_Customer_Sync.dtsx,Nightly customer master synchronisation from the ERP
Master_Daily_ETL,WWI_Orchestration,00_orchestration,orchestration,orchestration,high,n/a,n/a,,yes,ssis/00_orchestration/Master_Daily_ETL.dtsx,Nightly full warehouse load: reference -> dimensions -> facts -> aggregates -> publish
Master_File_Ingestion,WWI_Orchestration,00_orchestration,orchestration,orchestration,high,n/a,n/a,,yes,ssis/00_orchestration/Master_File_Ingestion.dtsx,Partner and carrier file ingestion cycle
Master_Finance_Close,WWI_Orchestration,00_orchestration,orchestration,orchestration,high,n/a,n/a,,yes,ssis/00_orchestration/Master_Finance_Close.dtsx,Month-end finance close sequence
Master_Hourly_Incremental,WWI_Orchestration,00_orchestration,orchestration,orchestration,high,n/a,n/a,,yes,ssis/00_orchestration/Master_Hourly_Incremental.dtsx,"Hourly incremental order, invoice and shipment load"
Master_Intraday_Inventory,WWI_Orchestration,00_orchestration,orchestration,orchestration,high,n/a,n/a,,yes,ssis/00_orchestration/Master_Intraday_Inventory.dtsx,Intraday inventory movement refresh
Master_Month_End,WWI_Orchestration,00_orchestration,orchestration,orchestration,high,n/a,n/a,,yes,ssis/00_orchestration/Master_Month_End.dtsx,"Month-end snapshot, corrections and aggregate rebuild"
Master_Weekly_Maintenance,WWI_Orchestration,00_orchestration,orchestration,orchestration,high,n/a,n/a,,yes,ssis/00_orchestration/Master_Weekly_Maintenance.dtsx,Weekend maintenance window
Master_Weekly_Reference_Load,WWI_Orchestration,00_orchestration,orchestration,orchestration,high,n/a,n/a,,yes,ssis/00_orchestration/Master_Weekly_Reference_Load.dtsx,Weekly full refresh of reference data
PRC_Export_SupplierStatement,WWI_Procurement,13_procurement,procurement,business_rule,medium,SQL Server DW,SQL Server DW,Master_Daily_ETL,yes,ssis/13_procurement/PRC_Export_SupplierStatement.dtsx,Supplier statement extract
PRC_Load_ContractCompliance,WWI_Procurement,13_procurement,procurement,business_rule,medium,SQL Server Staging,SQL Server DW,Master_Daily_ETL,yes,ssis/13_procurement/PRC_Load_ContractCompliance.dtsx,Off-contract spend detection
PRC_Load_PurchaseSpend,WWI_Procurement,13_procurement,procurement,business_rule,medium,SQL Server Staging,SQL Server DW,Master_Daily_ETL,yes,ssis/13_procurement/PRC_Load_PurchaseSpend.dtsx,Spend cube load with contract linkage
PRC_Load_ReceiptMatching,WWI_Procurement,13_procurement,procurement,business_rule,medium,SQL Server Staging,SQL Server DW,Master_Daily_ETL,yes,ssis/13_procurement/PRC_Load_ReceiptMatching.dtsx,Three-way match variance
PRC_Load_SupplierScorecard,WWI_Procurement,13_procurement,procurement,business_rule,medium,SQL Server Staging,SQL Server DW,Master_Daily_ETL,yes,ssis/13_procurement/PRC_Load_SupplierScorecard.dtsx,Scorecard refresh
REF_Load_Carrier,WWI_ReferenceData,06_reference_data,reference,full_refresh,medium,SQL Server Staging,SQL Server DW,Master_Weekly_Reference_Load,yes,ssis/06_reference_data/REF_Load_Carrier.dtsx,
REF_Load_CodeTranslation,WWI_ReferenceData,06_reference_data,reference,full_refresh,medium,SQL Server Staging,SQL Server DW,Master_Weekly_Reference_Load,yes,ssis/06_reference_data/REF_Load_CodeTranslation.dtsx,
REF_Load_CostCenter,WWI_ReferenceData,06_reference_data,reference,full_refresh,medium,SQL Server Staging,SQL Server DW,Master_Weekly_Reference_Load,yes,ssis/06_reference_data/REF_Load_CostCenter.dtsx,
REF_Load_Currency,WWI_ReferenceData,06_reference_data,reference,full_refresh,medium,SQL Server Staging,SQL Server DW,Master_Weekly_Reference_Load,yes,ssis/06_reference_data/REF_Load_Currency.dtsx,
REF_Load_DateDimension,WWI_ReferenceData,06_reference_data,reference,full_refresh,high,SQL Server Staging,SQL Server DW,Master_Weekly_Reference_Load,yes,ssis/06_reference_data/REF_Load_DateDimension.dtsx,
REF_Load_Geography,WWI_ReferenceData,06_reference_data,reference,full_refresh,medium,SQL Server Staging,SQL Server DW,Master_Weekly_Reference_Load,yes,ssis/06_reference_data/REF_Load_Geography.dtsx,
REF_Load_LoyaltyTier,WWI_ReferenceData,06_reference_data,reference,full_refresh,medium,SQL Server Staging,SQL Server DW,Master_Weekly_Reference_Load,yes,ssis/06_reference_data/REF_Load_LoyaltyTier.dtsx,
REF_Load_PaymentMethod,WWI_ReferenceData,06_reference_data,reference,full_refresh,medium,SQL Server Staging,SQL Server DW,Master_Weekly_Reference_Load,yes,ssis/06_reference_data/REF_Load_PaymentMethod.dtsx,
REF_Load_PaymentTerms,WWI_ReferenceData,06_reference_data,reference,full_refresh,medium,SQL Server Staging,SQL Server DW,Master_Weekly_Reference_Load,yes,ssis/06_reference_data/REF_Load_PaymentTerms.dtsx,
REF_Load_ReturnReason,WWI_ReferenceData,06_reference_data,reference,full_refresh,medium,SQL Server Staging,SQL Server DW,Master_Weekly_Reference_Load,yes,ssis/06_reference_data/REF_Load_ReturnReason.dtsx,
REF_Load_SalesChannel,WWI_ReferenceData,06_reference_data,reference,full_refresh,medium,SQL Server Staging,SQL Server DW,Master_Weekly_Reference_Load,yes,ssis/06_reference_data/REF_Load_SalesChannel.dtsx,
REF_Load_TransactionType,WWI_ReferenceData,06_reference_data,reference,full_refresh,medium,SQL Server Staging,SQL Server DW,Master_Weekly_Reference_Load,yes,ssis/06_reference_data/REF_Load_TransactionType.dtsx,
REF_Load_UnknownMembers,WWI_ReferenceData,06_reference_data,reference,full_refresh,high,SQL Server Staging,SQL Server DW,Master_Weekly_Reference_Load,yes,ssis/06_reference_data/REF_Load_UnknownMembers.dtsx,
REF_Load_WarehouseSite,WWI_ReferenceData,06_reference_data,reference,full_refresh,medium,SQL Server Staging,SQL Server DW,Master_Weekly_Reference_Load,yes,ssis/06_reference_data/REF_Load_WarehouseSite.dtsx,
SLS_APAC_Load_Commission,WWI_Sales,11_sales,sales,business_rule,medium,SQL Server Staging,SQL Server DW,Master_Daily_ETL,yes,ssis/11_sales/SLS_APAC_Load_Commission.dtsx,APAC plan on a 4-4-5 reporting calendar
SLS_EU_Load_Commission,WWI_Sales,11_sales,sales,business_rule,medium,SQL Server Staging,SQL Server DW,Master_Daily_ETL,yes,ssis/11_sales/SLS_EU_Load_Commission.dtsx,EU commission plan with VAT-exclusive amounts
SLS_Export_PartnerFeed,WWI_Sales,11_sales,sales,business_rule,medium,SQL Server DW,SQL Server DW,Master_Daily_ETL,yes,ssis/11_sales/SLS_Export_PartnerFeed.dtsx,Outbound partner sales feed
SLS_Load_PromotionRedemption,WWI_Sales,11_sales,sales,business_rule,medium,SQL Server Staging,SQL Server DW,Master_Daily_ETL,yes,ssis/11_sales/SLS_Load_PromotionRedemption.dtsx,Promotion redemption attribution
SLS_Load_QuotaAttainment,WWI_Sales,11_sales,sales,business_rule,medium,SQL Server Staging,SQL Server DW,Master_Daily_ETL,yes,ssis/11_sales/SLS_Load_QuotaAttainment.dtsx,Quota attainment by territory
SLS_NA_Load_Commission,WWI_Sales,11_sales,sales,business_rule,medium,SQL Server Staging,SQL Server DW,Master_Daily_ETL,yes,ssis/11_sales/SLS_NA_Load_Commission.dtsx,"US commission plan, USD only"
STG_Load_ApInvoice,WWI_Staging,04_staging,staging,incremental_append,high,SQL Server Staging (raw),SQL Server Staging,Master_Daily_ETL,yes,ssis/04_staging/STG_Load_ApInvoice.dtsx,
STG_Load_CostCenter,WWI_Staging,04_staging,staging,truncate_reload,medium,SQL Server Staging (raw),SQL Server Staging,Master_Daily_ETL,yes,ssis/04_staging/STG_Load_CostCenter.dtsx,
STG_Load_Currency,WWI_Staging,04_staging,staging,truncate_reload,medium,SQL Server Staging (raw),SQL Server Staging,Master_Daily_ETL,yes,ssis/04_staging/STG_Load_Currency.dtsx,
STG_Load_Customer,WWI_Staging,04_staging,staging,truncate_reload,medium,SQL Server Staging (raw),SQL Server Staging,Master_Daily_ETL,yes,ssis/04_staging/STG_Load_Customer.dtsx,
STG_Load_CustomerAddress,WWI_Staging,04_staging,staging,truncate_reload,medium,SQL Server Staging (raw),SQL Server Staging,Master_Daily_ETL,yes,ssis/04_staging/STG_Load_CustomerAddress.dtsx,
STG_Load_Employee,WWI_Staging,04_staging,staging,truncate_reload,medium,SQL Server Staging (raw),SQL Server Staging,Master_Daily_ETL,yes,ssis/04_staging/STG_Load_Employee.dtsx,
STG_Load_Geography,WWI_Staging,04_staging,staging,truncate_reload,medium,SQL Server Staging (raw),SQL Server Staging,Master_Daily_ETL,yes,ssis/04_staging/STG_Load_Geography.dtsx,
STG_Load_GlJournal,WWI_Staging,04_staging,staging,incremental_append,high,SQL Server Staging (raw),SQL Server Staging,Master_Daily_ETL,yes,ssis/04_staging/STG_Load_GlJournal.dtsx,
STG_Load_LoyaltyLedger,WWI_Staging,04_staging,staging,incremental_append,high,SQL Server Staging (raw),SQL Server Staging,Master_Daily_ETL,yes,ssis/04_staging/STG_Load_LoyaltyLedger.dtsx,
STG_Load_Order,WWI_Staging,04_staging,staging,incremental_append,high,SQL Server Staging (raw),SQL Server Staging,Master_Daily_ETL,yes,ssis/04_staging/STG_Load_Order.dtsx,
STG_Load_PartnerSale,WWI_Staging,04_staging,staging,incremental_append,high,SQL Server Staging (raw),SQL Server Staging,Master_Daily_ETL,yes,ssis/04_staging/STG_Load_PartnerSale.dtsx,
STG_Load_Payment,WWI_Staging,04_staging,staging,incremental_append,high,SQL Server Staging (raw),SQL Server Staging,Master_Daily_ETL,yes,ssis/04_staging/STG_Load_Payment.dtsx,
STG_Load_Product,WWI_Staging,04_staging,staging,truncate_reload,medium,SQL Server Staging (raw),SQL Server Staging,Master_Daily_ETL,yes,ssis/04_staging/STG_Load_Product.dtsx,
STG_Load_PromotionAndTerritory,WWI_Staging,04_staging,staging,truncate_reload,medium,SQL Server Staging (raw),SQL Server Staging,Master_Daily_ETL,yes,ssis/04_staging/STG_Load_PromotionAndTerritory.dtsx,
STG_Load_PurchaseOrder,WWI_Staging,04_staging,staging,incremental_append,high,SQL Server Staging (raw),SQL Server Staging,Master_Daily_ETL,yes,ssis/04_staging/STG_Load_PurchaseOrder.dtsx,
STG_Load_ReturnAndCredit,WWI_Staging,04_staging,staging,incremental_append,high,SQL Server Staging (raw),SQL Server Staging,Master_Daily_ETL,yes,ssis/04_staging/STG_Load_ReturnAndCredit.dtsx,
STG_Load_Sale,WWI_Staging,04_staging,staging,incremental_append,high,SQL Server Staging (raw),SQL Server Staging,Master_Daily_ETL,yes,ssis/04_staging/STG_Load_Sale.dtsx,
STG_Load_Shipment,WWI_Staging,04_staging,staging,incremental_append,high,SQL Server Staging (raw),SQL Server Staging,Master_Daily_ETL,yes,ssis/04_staging/STG_Load_Shipment.dtsx,
STG_Load_StockItem,WWI_Staging,04_staging,staging,truncate_reload,medium,SQL Server Staging (raw),SQL Server Staging,Master_Daily_ETL,yes,ssis/04_staging/STG_Load_StockItem.dtsx,
STG_Load_StockMovement,WWI_Staging,04_staging,staging,incremental_append,high,SQL Server Staging (raw),SQL Server Staging,Master_Daily_ETL,yes,ssis/04_staging/STG_Load_StockMovement.dtsx,
STG_Load_Supplier,WWI_Staging,04_staging,staging,truncate_reload,medium,SQL Server Staging (raw),SQL Server Staging,Master_Daily_ETL,yes,ssis/04_staging/STG_Load_Supplier.dtsx,
STG_Load_TaxAndTerms,WWI_Staging,04_staging,staging,truncate_reload,medium,SQL Server Staging (raw),SQL Server Staging,Master_Daily_ETL,yes,ssis/04_staging/STG_Load_TaxAndTerms.dtsx,
STG_Load_VendorContract,WWI_Staging,04_staging,staging,truncate_reload,medium,SQL Server Staging (raw),SQL Server Staging,Master_Daily_ETL,yes,ssis/04_staging/STG_Load_VendorContract.dtsx,
STG_Load_WebSession,WWI_Staging,04_staging,staging,incremental_append,high,SQL Server Staging (raw),SQL Server Staging,Master_Daily_ETL,yes,ssis/04_staging/STG_Load_WebSession.dtsx,
STG_Work_CustomerDedup,WWI_Staging,04_staging,staging,work_rebuild,medium,SQL Server Staging (raw),SQL Server Staging,Master_Daily_ETL,yes,ssis/04_staging/STG_Work_CustomerDedup.dtsx,
STG_Work_InventoryPosition,WWI_Staging,04_staging,staging,work_rebuild,medium,SQL Server Staging (raw),SQL Server Staging,Master_Daily_ETL,yes,ssis/04_staging/STG_Work_InventoryPosition.dtsx,
STG_Work_PaymentMatch,WWI_Staging,04_staging,staging,work_rebuild,medium,SQL Server Staging (raw),SQL Server Staging,Master_Daily_ETL,yes,ssis/04_staging/STG_Work_PaymentMatch.dtsx,
STG_Work_ProductCrosswalk,WWI_Staging,04_staging,staging,work_rebuild,medium,SQL Server Staging (raw),SQL Server Staging,Master_Daily_ETL,yes,ssis/04_staging/STG_Work_ProductCrosswalk.dtsx,
