package,project,folder,domain,load_type,source_system,target_system,parent,parent_edge_source,actual_parents,file_present,path,execute_sql_tasks,data_flow_tasks,script_tasks,execute_package_tasks,file_system_tasks,foreach_loops,send_mail_tasks,connection_managers,connection_manager_types,child_packages,plan_children_count,on_disk_not_in_inventory,in_inventory_not_on_disk,parent_mismatch,unresolved_child,parse_error,databricks_risk,databricks_risk_reason
AGG_Publish_ReportingLayer,WWI_Aggregates,09_aggregates,aggregate,publish,SQL Server DW,SQL Server DW,Master_Daily_ETL,orchestration-plan,Master_Daily_ETL,yes,ssis/09_aggregates/AGG_Publish_ReportingLayer.dtsx,14,0,0,0,0,0,0,,OLEDB,,0,,,,,,LOW,"publish: straight T-SQL extract/stage/fact/reference/aggregate load, translatable to SQL/Delta"
AGG_Refresh_Customer360,WWI_Aggregates,09_aggregates,aggregate,aggregate_rebuild,SQL Server DW,SQL Server DW,Master_Month_End,orchestration-plan,Master_Month_End,yes,ssis/09_aggregates/AGG_Refresh_Customer360.dtsx,9,1,0,0,0,0,0,WWI_DW_Destination_DB;WWI_Staging_DB,OLEDB,,0,,,,,,LOW,"aggregate_rebuild: straight T-SQL extract/stage/fact/reference/aggregate load, translatable to SQL/Delta"
AGG_Refresh_CustomerRolling12Month,WWI_Aggregates,09_aggregates,aggregate,aggregate_rebuild,SQL Server DW,SQL Server DW,Master_Month_End,orchestration-plan,Master_Month_End,yes,ssis/09_aggregates/AGG_Refresh_CustomerRolling12Month.dtsx,9,1,0,0,0,0,0,WWI_DW_Destination_DB;WWI_Staging_DB,OLEDB,,0,,,,,,LOW,"aggregate_rebuild: straight T-SQL extract/stage/fact/reference/aggregate load, translatable to SQL/Delta"
AGG_Refresh_DailyInventoryHealth,WWI_Aggregates,09_aggregates,aggregate,aggregate_rebuild,SQL Server DW,SQL Server DW,Master_Daily_ETL,orchestration-plan,Master_Daily_ETL;Master_Intraday_Inventory,yes,ssis/09_aggregates/AGG_Refresh_DailyInventoryHealth.dtsx,9,1,0,0,0,0,0,WWI_DW_Destination_DB;WWI_Staging_DB,OLEDB,,0,,,,,,LOW,"aggregate_rebuild: straight T-SQL extract/stage/fact/reference/aggregate load, translatable to SQL/Delta"
AGG_Refresh_DailySalesSummary,WWI_Aggregates,09_aggregates,aggregate,aggregate_rebuild,SQL Server DW,SQL Server DW,Master_Daily_ETL,orchestration-plan,Master_Daily_ETL;Master_Hourly_Incremental,yes,ssis/09_aggregates/AGG_Refresh_DailySalesSummary.dtsx,9,1,0,0,0,0,0,WWI_DW_Destination_DB;WWI_Staging_DB,OLEDB,,0,,,,,,LOW,"aggregate_rebuild: straight T-SQL extract/stage/fact/reference/aggregate load, translatable to SQL/Delta"
AGG_Refresh_DeliveryPerformanceSummary,WWI_Aggregates,09_aggregates,aggregate,aggregate_rebuild,SQL Server DW,SQL Server DW,Master_Month_End,orchestration-plan,Master_Month_End,yes,ssis/09_aggregates/AGG_Refresh_DeliveryPerformanceSummary.dtsx,9,1,0,0,0,0,0,WWI_DW_Destination_DB;WWI_Staging_DB,OLEDB,,0,,,,,,LOW,"aggregate_rebuild: straight T-SQL extract/stage/fact/reference/aggregate load, translatable to SQL/Delta"
AGG_Refresh_FinanceCloseSummary,WWI_Aggregates,09_aggregates,aggregate,aggregate_rebuild,SQL Server DW,SQL Server DW,Master_Month_End,orchestration-plan,Master_Finance_Close;Master_Month_End,yes,ssis/09_aggregates/AGG_Refresh_FinanceCloseSummary.dtsx,9,1,0,0,0,0,0,WWI_DW_Destination_DB;WWI_Staging_DB,OLEDB,,0,,,,,,LOW,"aggregate_rebuild: straight T-SQL extract/stage/fact/reference/aggregate load, translatable to SQL/Delta"
AGG_Refresh_MonthlyMarginAnalysis,WWI_Aggregates,09_aggregates,aggregate,aggregate_rebuild,SQL Server DW,SQL Server DW,Master_Month_End,orchestration-plan,Master_Finance_Close;Master_Month_End,yes,ssis/09_aggregates/AGG_Refresh_MonthlyMarginAnalysis.dtsx,9,1,0,0,0,0,0,WWI_DW_Destination_DB;WWI_Staging_DB,OLEDB,,0,,,,,,LOW,"aggregate_rebuild: straight T-SQL extract/stage/fact/reference/aggregate load, translatable to SQL/Delta"
AGG_Refresh_MonthlySalesSummary,WWI_Aggregates,09_aggregates,aggregate,aggregate_rebuild,SQL Server DW,SQL Server DW,Master_Month_End,orchestration-plan,Master_Month_End,yes,ssis/09_aggregates/AGG_Refresh_MonthlySalesSummary.dtsx,9,1,0,0,0,0,0,WWI_DW_Destination_DB;WWI_Staging_DB,OLEDB,,0,,,,,,LOW,"aggregate_rebuild: straight T-SQL extract/stage/fact/reference/aggregate load, translatable to SQL/Delta"
AGG_Refresh_ProductPerformance,WWI_Aggregates,09_aggregates,aggregate,aggregate_rebuild,SQL Server DW,SQL Server DW,Master_Month_End,orchestration-plan,Master_Month_End,yes,ssis/09_aggregates/AGG_Refresh_ProductPerformance.dtsx,10,1,0,0,0,0,0,WWI_DW_Destination_DB;WWI_Staging_DB,OLEDB,,0,,,,,,LOW,"aggregate_rebuild: straight T-SQL extract/stage/fact/reference/aggregate load, translatable to SQL/Delta"
AGG_Refresh_PromotionEffectiveness,WWI_Aggregates,09_aggregates,aggregate,aggregate_rebuild,SQL Server DW,SQL Server DW,Master_Month_End,orchestration-plan,Master_Month_End,yes,ssis/09_aggregates/AGG_Refresh_PromotionEffectiveness.dtsx,9,1,0,0,0,0,0,WWI_DW_Destination_DB;WWI_Staging_DB,OLEDB,,0,,,,,,LOW,"aggregate_rebuild: straight T-SQL extract/stage/fact/reference/aggregate load, translatable to SQL/Delta"
AGG_Refresh_RegionalSalesPerformance,WWI_Aggregates,09_aggregates,aggregate,aggregate_rebuild,SQL Server DW,SQL Server DW,Master_Month_End,orchestration-plan,Master_Month_End,yes,ssis/09_aggregates/AGG_Refresh_RegionalSalesPerformance.dtsx,12,1,0,0,0,0,0,WWI_DW_Destination_DB;WWI_Staging_DB,OLEDB,,0,,,,,,LOW,"aggregate_rebuild: straight T-SQL extract/stage/fact/reference/aggregate load, translatable to SQL/Delta"
AGG_Refresh_SupplierPerformance,WWI_Aggregates,09_aggregates,aggregate,aggregate_rebuild,SQL Server DW,SQL Server DW,Master_Month_End,orchestration-plan,Master_Month_End,yes,ssis/09_aggregates/AGG_Refresh_SupplierPerformance.dtsx,9,1,0,0,0,0,0,WWI_DW_Destination_DB;WWI_Staging_DB,OLEDB,,0,,,,,,LOW,"aggregate_rebuild: straight T-SQL extract/stage/fact/reference/aggregate load, translatable to SQL/Delta"
C360_Build_ChurnFlags,WWI_Customer360,14_customer_360,customer 360,business_rule,SQL Server DW,SQL Server DW,Master_Daily_ETL,orchestration-plan,Master_Daily_ETL;Master_Month_End,yes,ssis/14_customer_360/C360_Build_ChurnFlags.dtsx,8,1,0,0,0,0,0,WWI_DW_Destination_DB;WWI_Staging_DB,OLEDB,,0,,,,,,LOW,"business_rule: straight T-SQL extract/stage/fact/reference/aggregate load, translatable to SQL/Delta"
C360_Build_CustomerProfile,WWI_Customer360,14_customer_360,customer 360,business_rule,SQL Server DW,SQL Server DW,Master_Daily_ETL,orchestration-plan,Master_Customer_Sync;Master_Daily_ETL,yes,ssis/14_customer_360/C360_Build_CustomerProfile.dtsx,11,1,0,0,0,0,0,WWI_DW_Destination_DB;WWI_Staging_DB,OLEDB,,0,,,,,,LOW,"business_rule: straight T-SQL extract/stage/fact/reference/aggregate load, translatable to SQL/Delta"
C360_Build_LoyaltyOverlay,WWI_Customer360,14_customer_360,customer 360,business_rule,SQL Server DW,SQL Server DW,Master_Daily_ETL,orchestration-plan,Master_Customer_Sync;Master_Daily_ETL,yes,ssis/14_customer_360/C360_Build_LoyaltyOverlay.dtsx,10,1,0,0,0,0,0,WWI_DW_Destination_DB;WWI_Staging_DB,OLEDB,,0,,,,,,LOW,"business_rule: straight T-SQL extract/stage/fact/reference/aggregate load, translatable to SQL/Delta"
C360_Build_RollingMetrics,WWI_Customer360,14_customer_360,customer 360,business_rule,SQL Server DW,SQL Server DW,Master_Daily_ETL,orchestration-plan,Master_Daily_ETL;Master_Month_End,yes,ssis/14_customer_360/C360_Build_RollingMetrics.dtsx,10,1,0,0,0,0,0,WWI_DW_Destination_DB;WWI_Staging_DB,OLEDB,,0,,,,,,LOW,"business_rule: straight T-SQL extract/stage/fact/reference/aggregate load, translatable to SQL/Delta"
C360_Publish_Segments,WWI_Customer360,14_customer_360,customer 360,business_rule,SQL Server DW,SQL Server DW,Master_Daily_ETL,orchestration-plan,Master_Customer_Sync;Master_Daily_ETL;Master_Month_End,yes,ssis/14_customer_360/C360_Publish_Segments.dtsx,10,1,0,0,0,0,0,WWI_DW_Destination_DB;WWI_Staging_DB,OLEDB,,0,,,,,,LOW,"business_rule: straight T-SQL extract/stage/fact/reference/aggregate load, translatable to SQL/Delta"
DIM_APAC_Load_Customer,WWI_Dimensions,07_dimensions,dimension,SCD2,SQL Server Staging,SQL Server DW,Master_Daily_ETL,orchestration-plan,Master_Customer_Sync;Master_Daily_ETL,yes,ssis/07_dimensions/DIM_APAC_Load_Customer.dtsx,9,1,0,0,0,0,0,WWI_DW_Destination_DB;WWI_Staging_DB,OLEDB,,0,,,,,,HIGH,SCD2 dimension: history/merge semantics must be re-implemented
DIM_EU_Load_Customer,WWI_Dimensions,07_dimensions,dimension,SCD2,SQL Server Staging,SQL Server DW,Master_Daily_ETL,orchestration-plan,Master_Customer_Sync;Master_Daily_ETL,yes,ssis/07_dimensions/DIM_EU_Load_Customer.dtsx,10,1,0,0,0,0,0,WWI_DW_Destination_DB;WWI_Staging_DB,OLEDB,,0,,,,,,HIGH,SCD2 dimension: history/merge semantics must be re-implemented
DIM_Load_City,WWI_Dimensions,07_dimensions,dimension,SCD2,SQL Server Staging,SQL Server DW,Master_Daily_ETL,orchestration-plan,Master_Customer_Sync;Master_Daily_ETL,yes,ssis/07_dimensions/DIM_Load_City.dtsx,9,1,0,0,0,0,0,WWI_DW_Destination_DB;WWI_Staging_DB,OLEDB,,0,,,,,,HIGH,SCD2 dimension: history/merge semantics must be re-implemented
DIM_Load_CustomerCategory,WWI_Dimensions,07_dimensions,dimension,SCD1,SQL Server Staging,SQL Server DW,Master_Daily_ETL,orchestration-plan,Master_Customer_Sync;Master_Daily_ETL,yes,ssis/07_dimensions/DIM_Load_CustomerCategory.dtsx,8,1,0,0,0,0,0,WWI_DW_Destination_DB;WWI_Staging_DB,OLEDB,,0,,,,,,LOW,"SCD1: straight T-SQL extract/stage/fact/reference/aggregate load, translatable to SQL/Delta"
DIM_Load_CustomerSegment,WWI_Dimensions,07_dimensions,dimension,SCD2,SQL Server Staging,SQL Server DW,Master_Daily_ETL,orchestration-plan,Master_Customer_Sync;Master_Daily_ETL,yes,ssis/07_dimensions/DIM_Load_CustomerSegment.dtsx,7,1,0,0,0,0,0,WWI_DW_Destination_DB;WWI_Staging_DB,OLEDB,,0,,,,,,HIGH,SCD2 dimension: history/merge semantics must be re-implemented
DIM_Load_Employee,WWI_Dimensions,07_dimensions,dimension,SCD2,SQL Server Staging,SQL Server DW,Master_Daily_ETL,orchestration-plan,Master_Daily_ETL,yes,ssis/07_dimensions/DIM_Load_Employee.dtsx,9,1,0,0,0,0,0,WWI_DW_Destination_DB;WWI_Staging_DB,OLEDB,,0,,,,,,HIGH,SCD2 dimension: history/merge semantics must be re-implemented
DIM_Load_ProductCategory,WWI_Dimensions,07_dimensions,dimension,SCD1,SQL Server Staging,SQL Server DW,Master_Daily_ETL,orchestration-plan,Master_Daily_ETL,yes,ssis/07_dimensions/DIM_Load_ProductCategory.dtsx,8,1,0,0,0,0,0,WWI_DW_Destination_DB;WWI_Staging_DB,OLEDB,,0,,,,,,LOW,"SCD1: straight T-SQL extract/stage/fact/reference/aggregate load, translatable to SQL/Delta"
DIM_Load_Promotion,WWI_Dimensions,07_dimensions,dimension,SCD2,SQL Server Staging,SQL Server DW,Master_Daily_ETL,orchestration-plan,Master_Daily_ETL,yes,ssis/07_dimensions/DIM_Load_Promotion.dtsx,9,1,0,0,0,0,0,WWI_DW_Destination_DB;WWI_Staging_DB,OLEDB,,0,,,,,,HIGH,SCD2 dimension: history/merge semantics must be re-implemented
DIM_Load_SalesTerritory,WWI_Dimensions,07_dimensions,dimension,SCD1,SQL Server Staging,SQL Server DW,Master_Daily_ETL,orchestration-plan,Master_Daily_ETL,yes,ssis/07_dimensions/DIM_Load_SalesTerritory.dtsx,8,1,0,0,0,0,0,WWI_DW_Destination_DB;WWI_Staging_DB,OLEDB,,0,,,,,,LOW,"SCD1: straight T-SQL extract/stage/fact/reference/aggregate load, translatable to SQL/Delta"
DIM_Load_Salesperson,WWI_Dimensions,07_dimensions,dimension,SCD2,SQL Server Staging,SQL Server DW,Master_Daily_ETL,orchestration-plan,Master_Daily_ETL,yes,ssis/07_dimensions/DIM_Load_Salesperson.dtsx,9,1,0,0,0,0,0,WWI_DW_Destination_DB;WWI_Staging_DB,OLEDB,,0,,,,,,HIGH,SCD2 dimension: history/merge semantics must be re-implemented
DIM_Load_StockItem,WWI_Dimensions,07_dimensions,dimension,SCD2,SQL Server Staging,SQL Server DW,Master_Daily_ETL,orchestration-plan,Master_Daily_ETL,yes,ssis/07_dimensions/DIM_Load_StockItem.dtsx,10,1,0,0,0,0,0,WWI_DW_Destination_DB;WWI_Staging_DB,OLEDB,,0,,,,,,HIGH,SCD2 dimension: history/merge semantics must be re-implemented
DIM_Load_Supplier,WWI_Dimensions,07_dimensions,dimension,SCD2,SQL Server Staging,SQL Server DW,Master_Daily_ETL,orchestration-plan,Master_Daily_ETL,yes,ssis/07_dimensions/DIM_Load_Supplier.dtsx,10,1,0,0,0,0,0,WWI_DW_Destination_DB;WWI_Staging_DB,OLEDB,,0,,,,,,HIGH,SCD2 dimension: history/merge semantics must be re-implemented
DIM_Load_VendorContract,WWI_Dimensions,07_dimensions,dimension,SCD2,SQL Server Staging,SQL Server DW,Master_Daily_ETL,orchestration-plan,Master_Daily_ETL,yes,ssis/07_dimensions/DIM_Load_VendorContract.dtsx,8,1,0,0,0,0,0,WWI_DW_Destination_DB;WWI_Staging_DB,OLEDB,,0,,,,,,HIGH,SCD2 dimension: history/merge semantics must be re-implemented
DIM_NA_Load_Customer,WWI_Dimensions,07_dimensions,dimension,SCD2,SQL Server Staging,SQL Server DW,Master_Daily_ETL,orchestration-plan,Master_Customer_Sync;Master_Daily_ETL,yes,ssis/07_dimensions/DIM_NA_Load_Customer.dtsx,10,1,0,0,0,0,0,WWI_DW_Destination_DB;WWI_Staging_DB,OLEDB,,0,,,,,,HIGH,SCD2 dimension: history/merge semantics must be re-implemented
DIM_Rekey_LateArriving,WWI_Dimensions,07_dimensions,dimension,rekey,SQL Server Staging,SQL Server DW,Master_Daily_ETL,orchestration-plan,Master_Daily_ETL;Master_Weekly_Reference_Load,yes,ssis/07_dimensions/DIM_Rekey_LateArriving.dtsx,12,1,0,0,0,0,0,WWI_Staging_DB,OLEDB,,0,,,,,,MEDIUM,utility/error-handling control logic: procedural T-SQL orchestration to be re-homed
DQ_Customer_Screen,WWI_DataQuality,05_data_quality,data quality,quality_screen,SQL Server Staging,SQL Server Staging,Master_Daily_ETL,orchestration-plan,Master_Customer_Sync;Master_Daily_ETL,yes,ssis/05_data_quality/DQ_Customer_Screen.dtsx,10,1,0,0,0,0,0,WWI_Staging_DB,OLEDB,,0,,,,,,LOW,"quality_screen: straight T-SQL extract/stage/fact/reference/aggregate load, translatable to SQL/Delta"
DQ_File_Screen,WWI_DataQuality,05_data_quality,data quality,quality_screen,SQL Server Staging,SQL Server Staging,Master_Daily_ETL,orchestration-plan,Master_Daily_ETL;Master_File_Ingestion,yes,ssis/05_data_quality/DQ_File_Screen.dtsx,10,1,0,0,0,0,0,WWI_Staging_DB,OLEDB,,0,,,,,,LOW,"quality_screen: straight T-SQL extract/stage/fact/reference/aggregate load, translatable to SQL/Delta"
DQ_InvoiceLine_Screen,WWI_DataQuality,05_data_quality,data quality,quality_screen,SQL Server Staging,SQL Server Staging,Master_Daily_ETL,orchestration-plan,Master_Daily_ETL;Master_Hourly_Incremental,yes,ssis/05_data_quality/DQ_InvoiceLine_Screen.dtsx,10,1,0,0,0,0,0,WWI_Staging_DB,OLEDB,,0,,,,,,LOW,"quality_screen: straight T-SQL extract/stage/fact/reference/aggregate load, translatable to SQL/Delta"
DQ_OrderLine_Screen,WWI_DataQuality,05_data_quality,data quality,quality_screen,SQL Server Staging,SQL Server Staging,Master_Daily_ETL,orchestration-plan,Master_Daily_ETL;Master_Hourly_Incremental,yes,ssis/05_data_quality/DQ_OrderLine_Screen.dtsx,10,1,0,0,0,0,0,WWI_Staging_DB,OLEDB,,0,,,,,,LOW,"quality_screen: straight T-SQL extract/stage/fact/reference/aggregate load, translatable to SQL/Delta"
DQ_Payment_Screen,WWI_DataQuality,05_data_quality,data quality,quality_screen,SQL Server Staging,SQL Server Staging,Master_Daily_ETL,orchestration-plan,Master_Daily_ETL,yes,ssis/05_data_quality/DQ_Payment_Screen.dtsx,10,1,0,0,0,0,0,WWI_Staging_DB,OLEDB,,0,,,,,,LOW,"quality_screen: straight T-SQL extract/stage/fact/reference/aggregate load, translatable to SQL/Delta"
DQ_Referential_Screen,WWI_DataQuality,05_data_quality,data quality,quality_screen,SQL Server Staging,SQL Server Staging,Master_Daily_ETL,orchestration-plan,Master_Customer_Sync;Master_Daily_ETL,yes,ssis/05_data_quality/DQ_Referential_Screen.dtsx,10,2,0,0,0,0,0,WWI_Staging_DB,OLEDB,,0,,,,,,LOW,"quality_screen: straight T-SQL extract/stage/fact/reference/aggregate load, translatable to SQL/Delta"
DQ_Reject_Reprocess,WWI_DataQuality,05_data_quality,data quality,quality_screen,SQL Server Staging,SQL Server Staging,Master_Daily_ETL,orchestration-plan,Master_Daily_ETL,yes,ssis/05_data_quality/DQ_Reject_Reprocess.dtsx,9,1,0,0,0,0,0,WWI_Staging_DB,OLEDB,,0,,,,,,LOW,"quality_screen: straight T-SQL extract/stage/fact/reference/aggregate load, translatable to SQL/Delta"
DQ_Rule_Engine,WWI_DataQuality,05_data_quality,data quality,quality_screen,SQL Server Staging,SQL Server Staging,Master_Daily_ETL,orchestration-plan,Master_Daily_ETL,yes,ssis/05_data_quality/DQ_Rule_Engine.dtsx,10,1,0,0,0,0,0,WWI_Staging_DB,OLEDB,,0,,,,,,LOW,"quality_screen: straight T-SQL extract/stage/fact/reference/aggregate load, translatable to SQL/Delta"
DQ_Supplier_Screen,WWI_DataQuality,05_data_quality,data quality,quality_screen,SQL Server Staging,SQL Server Staging,Master_Daily_ETL,orchestration-plan,Master_Daily_ETL,yes,ssis/05_data_quality/DQ_Supplier_Screen.dtsx,10,1,0,0,0,0,0,WWI_Staging_DB,OLEDB,,0,,,,,,LOW,"quality_screen: straight T-SQL extract/stage/fact/reference/aggregate load, translatable to SQL/Delta"
DQ_Threshold_Gate,WWI_DataQuality,05_data_quality,data quality,quality_screen,SQL Server Staging,SQL Server Staging,Master_Daily_ETL,orchestration-plan,Master_Daily_ETL,yes,ssis/05_data_quality/DQ_Threshold_Gate.dtsx,13,1,0,0,0,0,0,WWI_Staging_DB,OLEDB,,0,,,,,,LOW,"quality_screen: straight T-SQL extract/stage/fact/reference/aggregate load, translatable to SQL/Delta"
ERR_Handle_PackageFailure,WWI_ErrorHandling,15_error_handling,error handling,utility,SQL Server Staging,SQL Server Staging,Master_Daily_ETL,orchestration-plan,Master_Daily_ETL,yes,ssis/15_error_handling/ERR_Handle_PackageFailure.dtsx,11,0,0,0,0,0,0,,OLEDB,,0,,,,,,MEDIUM,utility/error-handling control logic: procedural T-SQL orchestration to be re-homed
ERR_Notify_Operations,WWI_ErrorHandling,15_error_handling,error handling,utility,SQL Server Staging,SQL Server Staging,Master_Daily_ETL,orchestration-plan,Master_Customer_Sync;Master_Daily_ETL;Master_File_Ingestion;Master_Finance_Close;Master_Hourly_Incremental;Master_Intraday_Inventory;Master_Month_End;Master_Weekly_Maintenance;Master_Weekly_Reference_Load,yes,ssis/15_error_handling/ERR_Notify_Operations.dtsx,9,0,0,0,0,0,0,,OLEDB,,0,,,,,,HIGH,mail/notification or export-to-file: external side effect outside the lakehouse
ERR_Quarantine_BadFiles,WWI_ErrorHandling,15_error_handling,error handling,utility,SQL Server Staging,SQL Server Staging,Master_Daily_ETL,orchestration-plan,Master_Daily_ETL;Master_File_Ingestion,yes,ssis/15_error_handling/ERR_Quarantine_BadFiles.dtsx,10,0,0,0,1,1,0,,OLEDB,,0,,,,,,HIGH,File System / ForEach file tasks: file-share operations need redesign
ERR_Reconcile_RowCounts,WWI_ErrorHandling,15_error_handling,error handling,utility,SQL Server Staging,SQL Server Staging,Master_Daily_ETL,orchestration-plan,Master_Daily_ETL;Master_Finance_Close;Master_Intraday_Inventory;Master_Month_End;Master_Weekly_Maintenance,yes,ssis/15_error_handling/ERR_Reconcile_RowCounts.dtsx,9,1,0,0,0,0,0,WWI_Staging_DB,OLEDB,,0,,,,,,MEDIUM,utility/error-handling control logic: procedural T-SQL orchestration to be re-homed
ERR_Retry_FailedSteps,WWI_ErrorHandling,15_error_handling,error handling,utility,SQL Server Staging,SQL Server Staging,Master_Daily_ETL,orchestration-plan,Master_Daily_ETL,yes,ssis/15_error_handling/ERR_Retry_FailedSteps.dtsx,17,0,0,0,0,0,0,,OLEDB,,0,,,,,,MEDIUM,utility/error-handling control logic: procedural T-SQL orchestration to be re-homed
ERR_Route_RejectedRows,WWI_ErrorHandling,15_error_handling,error handling,utility,SQL Server Staging,SQL Server Staging,Master_Daily_ETL,orchestration-plan,Master_Customer_Sync;Master_Daily_ETL;Master_Weekly_Maintenance,yes,ssis/15_error_handling/ERR_Route_RejectedRows.dtsx,9,1,0,0,0,0,0,WWI_Staging_DB,OLEDB,,0,,,,,,MEDIUM,utility/error-handling control logic: procedural T-SQL orchestration to be re-homed
EXT_ORA_ApAging,WWI_Extract_Oracle,01_oracle_extract,extract,full,Oracle,SQL Server Staging,Master_Daily_ETL,orchestration-plan,Master_Daily_ETL,yes,ssis/01_oracle_extract/EXT_ORA_ApAging.dtsx,6,1,0,0,0,0,0,WWI_Oracle_ERP;WWI_Staging_DB,OLEDB,,0,,,,,,HIGH,Oracle-sourced extract: needs JDBC/Lakehouse Federation connectivity and Oracle SQL translation
EXT_ORA_ApInvoiceHdr,WWI_Extract_Oracle,01_oracle_extract,extract,incremental_timestamp,Oracle,SQL Server Staging,Master_Daily_ETL,orchestration-plan,Master_Daily_ETL,yes,ssis/01_oracle_extract/EXT_ORA_ApInvoiceHdr.dtsx,8,1,0,0,0,0,0,WWI_Oracle_ERP;WWI_Staging_DB,OLEDB,,0,,,,,,HIGH,Oracle-sourced extract: needs JDBC/Lakehouse Federation connectivity and Oracle SQL translation
EXT_ORA_ApInvoiceLine,WWI_Extract_Oracle,01_oracle_extract,extract,incremental_key,Oracle,SQL Server Staging,Master_Daily_ETL,orchestration-plan,Master_Daily_ETL,yes,ssis/01_oracle_extract/EXT_ORA_ApInvoiceLine.dtsx,7,1,0,0,0,0,0,WWI_Oracle_ERP;WWI_Staging_DB,OLEDB,,0,,,,,,HIGH,Oracle-sourced extract: needs JDBC/Lakehouse Federation connectivity and Oracle SQL translation
EXT_ORA_ApPayment,WWI_Extract_Oracle,01_oracle_extract,extract,incremental_timestamp,Oracle,SQL Server Staging,Master_Daily_ETL,orchestration-plan,Master_Daily_ETL,yes,ssis/01_oracle_extract/EXT_ORA_ApPayment.dtsx,7,1,0,0,0,0,0,WWI_Oracle_ERP;WWI_Staging_DB,OLEDB,,0,,,,,,HIGH,Oracle-sourced extract: needs JDBC/Lakehouse Federation connectivity and Oracle SQL translation
EXT_ORA_ApPaymentApply,WWI_Extract_Oracle,01_oracle_extract,extract,incremental_key,Oracle,SQL Server Staging,Master_Daily_ETL,orchestration-plan,Master_Daily_ETL,yes,ssis/01_oracle_extract/EXT_ORA_ApPaymentApply.dtsx,7,1,0,0,0,0,0,WWI_Oracle_ERP;WWI_Staging_DB,OLEDB,,0,,,,,,HIGH,Oracle-sourced extract: needs JDBC/Lakehouse Federation connectivity and Oracle SQL translation
EXT_ORA_CodeTranslation,WWI_Extract_Oracle,01_oracle_extract,extract,full,Oracle,SQL Server Staging,Master_Daily_ETL,orchestration-plan,Master_Daily_ETL,yes,ssis/01_oracle_extract/EXT_ORA_CodeTranslation.dtsx,6,1,0,0,0,0,0,WWI_Oracle_ERP;WWI_Staging_DB,OLEDB,,0,,,,,,HIGH,Oracle-sourced extract: needs JDBC/Lakehouse Federation connectivity and Oracle SQL translation
EXT_ORA_CostCenter,WWI_Extract_Oracle,01_oracle_extract,extract,full,Oracle,SQL Server Staging,Master_Daily_ETL,orchestration-plan,Master_Daily_ETL,yes,ssis/01_oracle_extract/EXT_ORA_CostCenter.dtsx,7,1,0,0,0,0,0,WWI_Oracle_ERP;WWI_Staging_DB,OLEDB,,0,,,,,,HIGH,Oracle-sourced extract: needs JDBC/Lakehouse Federation connectivity and Oracle SQL translation
EXT_ORA_Currency,WWI_Extract_Oracle,01_oracle_extract,extract,full,Oracle,SQL Server Staging,Master_Daily_ETL,orchestration-plan,Master_Daily_ETL,yes,ssis/01_oracle_extract/EXT_ORA_Currency.dtsx,6,1,0,0,0,0,0,WWI_Oracle_ERP;WWI_Staging_DB,OLEDB,,0,,,,,,HIGH,Oracle-sourced extract: needs JDBC/Lakehouse Federation connectivity and Oracle SQL translation
EXT_ORA_CustomerAddress,WWI_Extract_Oracle,01_oracle_extract,extract,incremental_timestamp,Oracle,SQL Server Staging,Master_Daily_ETL,orchestration-plan,Master_Customer_Sync;Master_Daily_ETL,yes,ssis/01_oracle_extract/EXT_ORA_CustomerAddress.dtsx,8,1,0,0,0,0,0,WWI_Oracle_ERP;WWI_Staging_DB,OLEDB,,0,,,,,,HIGH,Oracle-sourced extract: needs JDBC/Lakehouse Federation connectivity and Oracle SQL translation
EXT_ORA_CustomerMaster,WWI_Extract_Oracle,01_oracle_extract,extract,incremental_timestamp,Oracle,SQL Server Staging,Master_Daily_ETL,orchestration-plan,Master_Customer_Sync;Master_Daily_ETL,yes,ssis/01_oracle_extract/EXT_ORA_CustomerMaster.dtsx,8,2,0,0,0,0,0,WWI_Oracle_ERP;WWI_Staging_DB,OLEDB,,0,,,,,,HIGH,Oracle-sourced extract: needs JDBC/Lakehouse Federation connectivity and Oracle SQL translation
EXT_ORA_FxRateDaily,WWI_Extract_Oracle,01_oracle_extract,extract,date_window,Oracle,SQL Server Staging,Master_Daily_ETL,orchestration-plan,Master_Daily_ETL,yes,ssis/01_oracle_extract/EXT_ORA_FxRateDaily.dtsx,9,1,0,0,0,0,0,WWI_Oracle_ERP;WWI_Staging_DB,OLEDB,,0,,,,,,HIGH,Oracle-sourced extract: needs JDBC/Lakehouse Federation connectivity and Oracle SQL translation
EXT_ORA_Geography,WWI_Extract_Oracle,01_oracle_extract,extract,full,Oracle,SQL Server Staging,Master_Daily_ETL,orchestration-plan,Master_Customer_Sync;Master_Daily_ETL,yes,ssis/01_oracle_extract/EXT_ORA_Geography.dtsx,6,1,0,0,0,0,0,WWI_Oracle_ERP;WWI_Staging_DB,OLEDB,,0,,,,,,HIGH,Oracle-sourced extract: needs JDBC/Lakehouse Federation connectivity and Oracle SQL translation
EXT_ORA_GlJournalLine,WWI_Extract_Oracle,01_oracle_extract,extract,date_window,Oracle,SQL Server Staging,Master_Daily_ETL,orchestration-plan,Master_Daily_ETL,yes,ssis/01_oracle_extract/EXT_ORA_GlJournalLine.dtsx,8,1,0,0,0,0,0,WWI_Oracle_ERP;WWI_Staging_DB,OLEDB,,0,,,,,,HIGH,Oracle-sourced extract: needs JDBC/Lakehouse Federation connectivity and Oracle SQL translation
EXT_ORA_PaymentTerms,WWI_Extract_Oracle,01_oracle_extract,extract,full,Oracle,SQL Server Staging,Master_Daily_ETL,orchestration-plan,Master_Daily_ETL,yes,ssis/01_oracle_extract/EXT_ORA_PaymentTerms.dtsx,6,1,0,0,0,0,0,WWI_Oracle_ERP;WWI_Staging_DB,OLEDB,,0,,,,,,HIGH,Oracle-sourced extract: needs JDBC/Lakehouse Federation connectivity and Oracle SQL translation
EXT_ORA_ProductHierarchy,WWI_Extract_Oracle,01_oracle_extract,extract,full,Oracle,SQL Server Staging,Master_Daily_ETL,orchestration-plan,Master_Daily_ETL,yes,ssis/01_oracle_extract/EXT_ORA_ProductHierarchy.dtsx,6,1,0,0,0,0,0,WWI_Oracle_ERP;WWI_Staging_DB,OLEDB,,0,,,,,,HIGH,Oracle-sourced extract: needs JDBC/Lakehouse Federation connectivity and Oracle SQL translation
EXT_ORA_ProductMaster,WWI_Extract_Oracle,01_oracle_extract,extract,incremental_timestamp,Oracle,SQL Server Staging,Master_Daily_ETL,orchestration-plan,Master_Daily_ETL,yes,ssis/01_oracle_extract/EXT_ORA_ProductMaster.dtsx,7,2,0,0,0,0,0,WWI_Oracle_ERP;WWI_Staging_DB,OLEDB,,0,,,,,,HIGH,Oracle-sourced extract: needs JDBC/Lakehouse Federation connectivity and Oracle SQL translation
EXT_ORA_PurchaseOrderHdr,WWI_Extract_Oracle,01_oracle_extract,extract,incremental_timestamp,Oracle,SQL Server Staging,Master_Daily_ETL,orchestration-plan,Master_Daily_ETL,yes,ssis/01_oracle_extract/EXT_ORA_PurchaseOrderHdr.dtsx,7,1,0,0,0,0,0,WWI_Oracle_ERP;WWI_Staging_DB,OLEDB,,0,,,,,,HIGH,Oracle-sourced extract: needs JDBC/Lakehouse Federation connectivity and Oracle SQL translation
EXT_ORA_PurchaseOrderLine,WWI_Extract_Oracle,01_oracle_extract,extract,incremental_key,Oracle,SQL Server Staging,Master_Daily_ETL,orchestration-plan,Master_Daily_ETL,yes,ssis/01_oracle_extract/EXT_ORA_PurchaseOrderLine.dtsx,8,1,0,0,0,0,0,WWI_Oracle_ERP;WWI_Staging_DB,OLEDB,,0,,,,,,HIGH,Oracle-sourced extract: needs JDBC/Lakehouse Federation connectivity and Oracle SQL translation
EXT_ORA_ReceiptLine,WWI_Extract_Oracle,01_oracle_extract,extract,incremental_key,Oracle,SQL Server Staging,Master_Daily_ETL,orchestration-plan,Master_Daily_ETL,yes,ssis/01_oracle_extract/EXT_ORA_ReceiptLine.dtsx,7,1,0,0,0,0,0,WWI_Oracle_ERP;WWI_Staging_DB,OLEDB,,0,,,,,,HIGH,Oracle-sourced extract: needs JDBC/Lakehouse Federation connectivity and Oracle SQL translation
EXT_ORA_SupplierMaster,WWI_Extract_Oracle,01_oracle_extract,extract,incremental_timestamp,Oracle,SQL Server Staging,Master_Daily_ETL,orchestration-plan,Master_Daily_ETL,yes,ssis/01_oracle_extract/EXT_ORA_SupplierMaster.dtsx,7,1,0,0,0,0,0,WWI_Oracle_ERP;WWI_Staging_DB,OLEDB,,0,,,,,,HIGH,Oracle-sourced extract: needs JDBC/Lakehouse Federation connectivity and Oracle SQL translation
EXT_ORA_TaxRate,WWI_Extract_Oracle,01_oracle_extract,extract,full,Oracle,SQL Server Staging,Master_Daily_ETL,orchestration-plan,Master_Daily_ETL,yes,ssis/01_oracle_extract/EXT_ORA_TaxRate.dtsx,6,1,0,0,0,0,0,WWI_Oracle_ERP;WWI_Staging_DB,OLEDB,,0,,,,,,HIGH,Oracle-sourced extract: needs JDBC/Lakehouse Federation connectivity and Oracle SQL translation
EXT_ORA_VendorContract,WWI_Extract_Oracle,01_oracle_extract,extract,full,Oracle,SQL Server Staging,Master_Daily_ETL,orchestration-plan,Master_Daily_ETL,yes,ssis/01_oracle_extract/EXT_ORA_VendorContract.dtsx,6,1,0,0,0,0,0,WWI_Oracle_ERP;WWI_Staging_DB,OLEDB,,0,,,,,,HIGH,Oracle-sourced extract: needs JDBC/Lakehouse Federation connectivity and Oracle SQL translation
EXT_SQL_Cities,WWI_Extract_SqlServer,02_sqlserver_extract,extract,full,SQL Server OLTP,SQL Server Staging,Master_Daily_ETL,orchestration-plan,Master_Daily_ETL,yes,ssis/02_sqlserver_extract/EXT_SQL_Cities.dtsx,6,1,0,0,0,0,0,WWI_Source_DB;WWI_Staging_DB,OLEDB,,0,,,,,,LOW,"full: straight T-SQL extract/stage/fact/reference/aggregate load, translatable to SQL/Delta"
EXT_SQL_CreditNotes,WWI_Extract_SqlServer,02_sqlserver_extract,extract,incremental_key,SQL Server OLTP,SQL Server Staging,Master_Daily_ETL,orchestration-plan,Master_Daily_ETL,yes,ssis/02_sqlserver_extract/EXT_SQL_CreditNotes.dtsx,7,1,0,0,0,0,0,WWI_Source_DB;WWI_Staging_DB,OLEDB,,0,,,,,,LOW,"incremental_key: straight T-SQL extract/stage/fact/reference/aggregate load, translatable to SQL/Delta"
EXT_SQL_CustomerSegments,WWI_Extract_SqlServer,02_sqlserver_extract,extract,full,SQL Server OLTP,SQL Server Staging,Master_Daily_ETL,orchestration-plan,Master_Customer_Sync;Master_Daily_ETL,yes,ssis/02_sqlserver_extract/EXT_SQL_CustomerSegments.dtsx,6,1,0,0,0,0,0,WWI_Source_DB;WWI_Staging_DB,OLEDB,,0,,,,,,LOW,"full: straight T-SQL extract/stage/fact/reference/aggregate load, translatable to SQL/Delta"
EXT_SQL_CustomerTransactions,WWI_Extract_SqlServer,02_sqlserver_extract,extract,incremental_key,SQL Server OLTP,SQL Server Staging,Master_Daily_ETL,orchestration-plan,Master_Daily_ETL,yes,ssis/02_sqlserver_extract/EXT_SQL_CustomerTransactions.dtsx,8,1,0,0,0,0,0,WWI_Source_DB;WWI_Staging_DB,OLEDB,,0,,,,,,LOW,"incremental_key: straight T-SQL extract/stage/fact/reference/aggregate load, translatable to SQL/Delta"
EXT_SQL_InvoiceLines,WWI_Extract_SqlServer,02_sqlserver_extract,extract,incremental_key,SQL Server OLTP,SQL Server Staging,Master_Daily_ETL,orchestration-plan,Master_Daily_ETL;Master_Hourly_Incremental,yes,ssis/02_sqlserver_extract/EXT_SQL_InvoiceLines.dtsx,8,1,0,0,0,0,0,WWI_Source_DB;WWI_Staging_DB,OLEDB,,0,,,,,,LOW,"incremental_key: straight T-SQL extract/stage/fact/reference/aggregate load, translatable to SQL/Delta"
EXT_SQL_Invoices,WWI_Extract_SqlServer,02_sqlserver_extract,extract,incremental_key,SQL Server OLTP,SQL Server Staging,Master_Daily_ETL,orchestration-plan,Master_Daily_ETL;Master_Hourly_Incremental,yes,ssis/02_sqlserver_extract/EXT_SQL_Invoices.dtsx,8,1,0,0,0,0,0,WWI_Source_DB;WWI_Staging_DB,OLEDB,,0,,,,,,LOW,"incremental_key: straight T-SQL extract/stage/fact/reference/aggregate load, translatable to SQL/Delta"
EXT_SQL_LoyaltyLedger,WWI_Extract_SqlServer,02_sqlserver_extract,extract,incremental_key,SQL Server OLTP,SQL Server Staging,Master_Daily_ETL,,,yes,ssis/02_sqlserver_extract/EXT_SQL_LoyaltyLedger.dtsx,8,1,0,0,0,0,0,WWI_Source_DB;WWI_Staging_DB,OLEDB,,0,,,yes,,,LOW,"incremental_key: straight T-SQL extract/stage/fact/reference/aggregate load, translatable to SQL/Delta"
EXT_SQL_OrderLines,WWI_Extract_SqlServer,02_sqlserver_extract,extract,incremental_key,SQL Server OLTP,SQL Server Staging,Master_Daily_ETL,orchestration-plan,Master_Daily_ETL;Master_Hourly_Incremental,yes,ssis/02_sqlserver_extract/EXT_SQL_OrderLines.dtsx,8,1,0,0,0,0,0,WWI_Source_DB;WWI_Staging_DB,OLEDB,,0,,,,,,LOW,"incremental_key: straight T-SQL extract/stage/fact/reference/aggregate load, translatable to SQL/Delta"
EXT_SQL_Orders,WWI_Extract_SqlServer,02_sqlserver_extract,extract,incremental_key,SQL Server OLTP,SQL Server Staging,Master_Daily_ETL,orchestration-plan,Master_Daily_ETL;Master_Hourly_Incremental,yes,ssis/02_sqlserver_extract/EXT_SQL_Orders.dtsx,9,2,0,0,0,0,0,WWI_Source_DB;WWI_Staging_DB,OLEDB,,0,,,,,,LOW,"incremental_key: straight T-SQL extract/stage/fact/reference/aggregate load, translatable to SQL/Delta"
EXT_SQL_PaymentMethods,WWI_Extract_SqlServer,02_sqlserver_extract,extract,full,SQL Server OLTP,SQL Server Staging,Master_Daily_ETL,orchestration-plan,Master_Daily_ETL,yes,ssis/02_sqlserver_extract/EXT_SQL_PaymentMethods.dtsx,6,1,0,0,0,0,0,WWI_Source_DB;WWI_Staging_DB,OLEDB,,0,,,,,,LOW,"full: straight T-SQL extract/stage/fact/reference/aggregate load, translatable to SQL/Delta"
EXT_SQL_People,WWI_Extract_SqlServer,02_sqlserver_extract,extract,full,SQL Server OLTP,SQL Server Staging,Master_Daily_ETL,orchestration-plan,Master_Customer_Sync;Master_Daily_ETL,yes,ssis/02_sqlserver_extract/EXT_SQL_People.dtsx,6,1,0,0,0,0,0,WWI_Source_DB;WWI_Staging_DB,OLEDB,,0,,,,,,LOW,"full: straight T-SQL extract/stage/fact/reference/aggregate load, translatable to SQL/Delta"
EXT_SQL_Promotions,WWI_Extract_SqlServer,02_sqlserver_extract,extract,full,SQL Server OLTP,SQL Server Staging,Master_Daily_ETL,orchestration-plan,Master_Daily_ETL,yes,ssis/02_sqlserver_extract/EXT_SQL_Promotions.dtsx,6,1,0,0,0,0,0,WWI_Source_DB;WWI_Staging_DB,OLEDB,,0,,,,,,LOW,"full: straight T-SQL extract/stage/fact/reference/aggregate load, translatable to SQL/Delta"
EXT_SQL_Returns,WWI_Extract_SqlServer,02_sqlserver_extract,extract,incremental_key,SQL Server OLTP,SQL Server Staging,Master_Daily_ETL,orchestration-plan,Master_Daily_ETL,yes,ssis/02_sqlserver_extract/EXT_SQL_Returns.dtsx,7,1,0,0,0,0,0,WWI_Source_DB;WWI_Staging_DB,OLEDB,,0,,,,,,LOW,"incremental_key: straight T-SQL extract/stage/fact/reference/aggregate load, translatable to SQL/Delta"
EXT_SQL_SalesTerritories,WWI_Extract_SqlServer,02_sqlserver_extract,extract,full,SQL Server OLTP,SQL Server Staging,Master_Daily_ETL,orchestration-plan,Master_Daily_ETL,yes,ssis/02_sqlserver_extract/EXT_SQL_SalesTerritories.dtsx,6,1,0,0,0,0,0,WWI_Source_DB;WWI_Staging_DB,OLEDB,,0,,,,,,LOW,"full: straight T-SQL extract/stage/fact/reference/aggregate load, translatable to SQL/Delta"
EXT_SQL_ShipmentLines,WWI_Extract_SqlServer,02_sqlserver_extract,extract,incremental_key,SQL Server OLTP,SQL Server Staging,Master_Daily_ETL,orchestration-plan,Master_Daily_ETL;Master_Hourly_Incremental,yes,ssis/02_sqlserver_extract/EXT_SQL_ShipmentLines.dtsx,8,1,0,0,0,0,0,WWI_Source_DB;WWI_Staging_DB,OLEDB,,0,,,,,,LOW,"incremental_key: straight T-SQL extract/stage/fact/reference/aggregate load, translatable to SQL/Delta"
EXT_SQL_Shipments,WWI_Extract_SqlServer,02_sqlserver_extract,extract,incremental_key,SQL Server OLTP,SQL Server Staging,Master_Daily_ETL,orchestration-plan,Master_Daily_ETL;Master_Hourly_Incremental,yes,ssis/02_sqlserver_extract/EXT_SQL_Shipments.dtsx,8,1,0,0,0,0,0,WWI_Source_DB;WWI_Staging_DB,OLEDB,,0,,,,,,LOW,"incremental_key: straight T-SQL extract/stage/fact/reference/aggregate load, translatable to SQL/Delta"
EXT_SQL_StockItems,WWI_Extract_SqlServer,02_sqlserver_extract,extract,incremental_timestamp,SQL Server OLTP,SQL Server Staging,Master_Daily_ETL,orchestration-plan,Master_Daily_ETL;Master_Intraday_Inventory,yes,ssis/02_sqlserver_extract/EXT_SQL_StockItems.dtsx,7,2,0,0,0,0,0,WWI_Source_DB;WWI_Staging_DB,OLEDB,,0,,,,,,LOW,"incremental_timestamp: straight T-SQL extract/stage/fact/reference/aggregate load, translatable to SQL/Delta"
EXT_SQL_StockMovements,WWI_Extract_SqlServer,02_sqlserver_extract,extract,incremental_key,SQL Server OLTP,SQL Server Staging,Master_Daily_ETL,orchestration-plan,Master_Daily_ETL;Master_Intraday_Inventory,yes,ssis/02_sqlserver_extract/EXT_SQL_StockMovements.dtsx,8,1,0,0,0,0,0,WWI_Source_DB;WWI_Staging_DB,OLEDB,,0,,,,,,LOW,"incremental_key: straight T-SQL extract/stage/fact/reference/aggregate load, translatable to SQL/Delta"
EXT_SQL_StockTransfers,WWI_Extract_SqlServer,02_sqlserver_extract,extract,incremental_key,SQL Server OLTP,SQL Server Staging,Master_Daily_ETL,orchestration-plan,Master_Daily_ETL;Master_Intraday_Inventory,yes,ssis/02_sqlserver_extract/EXT_SQL_StockTransfers.dtsx,7,1,0,0,0,0,0,WWI_Source_DB;WWI_Staging_DB,OLEDB,,0,,,,,,LOW,"incremental_key: straight T-SQL extract/stage/fact/reference/aggregate load, translatable to SQL/Delta"
EXT_SQL_SupplierTransactions,WWI_Extract_SqlServer,02_sqlserver_extract,extract,incremental_key,SQL Server OLTP,SQL Server Staging,Master_Daily_ETL,orchestration-plan,Master_Daily_ETL,yes,ssis/02_sqlserver_extract/EXT_SQL_SupplierTransactions.dtsx,7,1,0,0,0,0,0,WWI_Source_DB;WWI_Staging_DB,OLEDB,,0,,,,,,LOW,"incremental_key: straight T-SQL extract/stage/fact/reference/aggregate load, translatable to SQL/Delta"
EXT_SQL_TransactionTypes,WWI_Extract_SqlServer,02_sqlserver_extract,extract,full,SQL Server OLTP,SQL Server Staging,Master_Daily_ETL,orchestration-plan,Master_Daily_ETL,yes,ssis/02_sqlserver_extract/EXT_SQL_TransactionTypes.dtsx,7,1,0,0,0,0,0,WWI_Source_DB;WWI_Staging_DB,OLEDB,,0,,,,,,LOW,"full: straight T-SQL extract/stage/fact/reference/aggregate load, translatable to SQL/Delta"
EXT_SQL_WebSessions,WWI_Extract_SqlServer,02_sqlserver_extract,extract,date_window,SQL Server OLTP,SQL Server Staging,Master_Daily_ETL,orchestration-plan,Master_Daily_ETL,yes,ssis/02_sqlserver_extract/EXT_SQL_WebSessions.dtsx,8,1,0,0,0,0,0,WWI_Source_DB;WWI_Staging_DB,OLEDB,,0,,,,,,LOW,"date_window: straight T-SQL extract/stage/fact/reference/aggregate load, translatable to SQL/Delta"
FACT_APAC_Load_Sale,WWI_Facts,08_facts,fact,incremental_fact,SQL Server Staging,SQL Server DW,Master_Daily_ETL,orchestration-plan,Master_Daily_ETL,yes,ssis/08_facts/FACT_APAC_Load_Sale.dtsx,10,1,0,0,0,0,0,WWI_DW_Destination_DB;WWI_Staging_DB,OLEDB,,0,,,,,,LOW,"incremental_fact: straight T-SQL extract/stage/fact/reference/aggregate load, translatable to SQL/Delta"
FACT_Apply_Corrections,WWI_Facts,08_facts,fact,correction,SQL Server Staging,SQL Server DW,Master_Month_End,orchestration-plan,Master_Month_End,yes,ssis/08_facts/FACT_Apply_Corrections.dtsx,13,1,0,0,0,0,0,WWI_Staging_DB,OLEDB,,0,,,,,,MEDIUM,utility/error-handling control logic: procedural T-SQL orchestration to be re-homed
FACT_Dedup_Sale,WWI_Facts,08_facts,fact,dedup,SQL Server DW,SQL Server DW,Master_Daily_ETL,orchestration-plan,Master_Daily_ETL;Master_Month_End,yes,ssis/08_facts/FACT_Dedup_Sale.dtsx,9,1,0,0,0,0,0,WWI_DW_Destination_DB;WWI_Staging_DB,OLEDB,,0,,,,,,MEDIUM,utility/error-handling control logic: procedural T-SQL orchestration to be re-homed
FACT_EU_Load_Sale,WWI_Facts,08_facts,fact,incremental_fact,SQL Server Staging,SQL Server DW,Master_Daily_ETL,orchestration-plan,Master_Daily_ETL,yes,ssis/08_facts/FACT_EU_Load_Sale.dtsx,12,1,0,0,0,0,0,WWI_DW_Destination_DB;WWI_Staging_DB,OLEDB,,0,,,,,,LOW,"incremental_fact: straight T-SQL extract/stage/fact/reference/aggregate load, translatable to SQL/Delta"
FACT_Load_CreditNote,WWI_Facts,08_facts,fact,incremental_fact,SQL Server Staging,SQL Server DW,Master_Daily_ETL,orchestration-plan,Master_Daily_ETL,yes,ssis/08_facts/FACT_Load_CreditNote.dtsx,10,1,0,0,0,0,0,WWI_DW_Destination_DB;WWI_Staging_DB,OLEDB,,0,,,,,,LOW,"incremental_fact: straight T-SQL extract/stage/fact/reference/aggregate load, translatable to SQL/Delta"
FACT_Load_CustomerTransaction,WWI_Facts,08_facts,fact,incremental_fact,SQL Server Staging,SQL Server DW,Master_Daily_ETL,orchestration-plan,Master_Daily_ETL,yes,ssis/08_facts/FACT_Load_CustomerTransaction.dtsx,10,1,0,0,0,0,0,WWI_DW_Destination_DB;WWI_Staging_DB,OLEDB,,0,,,,,,LOW,"incremental_fact: straight T-SQL extract/stage/fact/reference/aggregate load, translatable to SQL/Delta"
FACT_Load_DailyInventorySnapshot,WWI_Facts,08_facts,fact,snapshot_fact,SQL Server Staging,SQL Server DW,Master_Daily_ETL,orchestration-plan,Master_Daily_ETL,yes,ssis/08_facts/FACT_Load_DailyInventorySnapshot.dtsx,8,1,0,0,0,0,0,WWI_DW_Destination_DB;WWI_Staging_DB,OLEDB,,0,,,,,,LOW,"snapshot_fact: straight T-SQL extract/stage/fact/reference/aggregate load, translatable to SQL/Delta"
FACT_Load_DailySalesSnapshot,WWI_Facts,08_facts,fact,snapshot_fact,SQL Server Staging,SQL Server DW,Master_Daily_ETL,orchestration-plan,Master_Daily_ETL,yes,ssis/08_facts/FACT_Load_DailySalesSnapshot.dtsx,8,1,0,0,0,0,0,WWI_DW_Destination_DB;WWI_Staging_DB,OLEDB,,0,,,,,,LOW,"snapshot_fact: straight T-SQL extract/stage/fact/reference/aggregate load, translatable to SQL/Delta"
FACT_Load_GLPosting,WWI_Facts,08_facts,fact,incremental_fact,SQL Server Staging,SQL Server DW,Master_Daily_ETL,orchestration-plan,Master_Daily_ETL,yes,ssis/08_facts/FACT_Load_GLPosting.dtsx,10,1,0,0,0,0,0,WWI_DW_Destination_DB;WWI_Staging_DB,OLEDB,,0,,,,,,LOW,"incremental_fact: straight T-SQL extract/stage/fact/reference/aggregate load, translatable to SQL/Delta"
FACT_Load_LoyaltyPoints,WWI_Facts,08_facts,fact,incremental_fact,SQL Server Staging,SQL Server DW,Master_Daily_ETL,orchestration-plan,Master_Daily_ETL,yes,ssis/08_facts/FACT_Load_LoyaltyPoints.dtsx,9,1,0,0,0,0,0,WWI_DW_Destination_DB;WWI_Staging_DB,OLEDB,,0,,,,,,LOW,"incremental_fact: straight T-SQL extract/stage/fact/reference/aggregate load, translatable to SQL/Delta"
FACT_Load_Movement,WWI_Facts,08_facts,fact,incremental_fact,SQL Server Staging,SQL Server DW,Master_Daily_ETL,orchestration-plan,Master_Daily_ETL;Master_Intraday_Inventory,yes,ssis/08_facts/FACT_Load_Movement.dtsx,10,1,0,0,0,0,0,WWI_DW_Destination_DB;WWI_Staging_DB,OLEDB,,0,,,,,,LOW,"incremental_fact: straight T-SQL extract/stage/fact/reference/aggregate load, translatable to SQL/Delta"
FACT_Load_Order,WWI_Facts,08_facts,fact,incremental_fact,SQL Server Staging,SQL Server DW,Master_Daily_ETL,orchestration-plan,Master_Daily_ETL;Master_Hourly_Incremental,yes,ssis/08_facts/FACT_Load_Order.dtsx,11,1,0,0,0,0,0,WWI_DW_Destination_DB;WWI_Staging_DB,OLEDB,,0,,,,,,LOW,"incremental_fact: straight T-SQL extract/stage/fact/reference/aggregate load, translatable to SQL/Delta"
FACT_Load_OrderFulfilment,WWI_Facts,08_facts,fact,snapshot_fact,SQL Server Staging,SQL Server DW,Master_Daily_ETL,orchestration-plan,Master_Daily_ETL;Master_Hourly_Incremental,yes,ssis/08_facts/FACT_Load_OrderFulfilment.dtsx,11,1,0,0,0,0,0,WWI_DW_Destination_DB;WWI_Staging_DB,OLEDB,,0,,,,,,LOW,"snapshot_fact: straight T-SQL extract/stage/fact/reference/aggregate load, translatable to SQL/Delta"
FACT_Load_Payment,WWI_Facts,08_facts,fact,incremental_fact,SQL Server Staging,SQL Server DW,Master_Daily_ETL,orchestration-plan,Master_Daily_ETL,yes,ssis/08_facts/FACT_Load_Payment.dtsx,11,1,0,0,0,0,0,WWI_DW_Destination_DB;WWI_Staging_DB,OLEDB,,0,,,,,,LOW,"incremental_fact: straight T-SQL extract/stage/fact/reference/aggregate load, translatable to SQL/Delta"
FACT_Load_Purchase,WWI_Facts,08_facts,fact,incremental_fact,SQL Server Staging,SQL Server DW,Master_Daily_ETL,orchestration-plan,Master_Daily_ETL,yes,ssis/08_facts/FACT_Load_Purchase.dtsx,11,1,0,0,0,0,0,WWI_DW_Destination_DB;WWI_Staging_DB,OLEDB,,0,,,,,,LOW,"incremental_fact: straight T-SQL extract/stage/fact/reference/aggregate load, translatable to SQL/Delta"
FACT_Load_PurchaseReceipt,WWI_Facts,08_facts,fact,incremental_fact,SQL Server Staging,SQL Server DW,Master_Daily_ETL,orchestration-plan,Master_Daily_ETL,yes,ssis/08_facts/FACT_Load_PurchaseReceipt.dtsx,11,1,0,0,0,0,0,WWI_DW_Destination_DB;WWI_Staging_DB,OLEDB,,0,,,,,,LOW,"incremental_fact: straight T-SQL extract/stage/fact/reference/aggregate load, translatable to SQL/Delta"
FACT_Load_Return,WWI_Facts,08_facts,fact,incremental_fact,SQL Server Staging,SQL Server DW,Master_Daily_ETL,orchestration-plan,Master_Daily_ETL,yes,ssis/08_facts/FACT_Load_Return.dtsx,9,1,0,0,0,0,0,WWI_DW_Destination_DB;WWI_Staging_DB,OLEDB,,0,,,,,,LOW,"incremental_fact: straight T-SQL extract/stage/fact/reference/aggregate load, translatable to SQL/Delta"
FACT_Load_Shipment,WWI_Facts,08_facts,fact,snapshot_fact,SQL Server Staging,SQL Server DW,Master_Daily_ETL,orchestration-plan,Master_Daily_ETL;Master_Hourly_Incremental,yes,ssis/08_facts/FACT_Load_Shipment.dtsx,11,1,0,0,0,0,0,WWI_DW_Destination_DB;WWI_Staging_DB,OLEDB,,0,,,,,,LOW,"snapshot_fact: straight T-SQL extract/stage/fact/reference/aggregate load, translatable to SQL/Delta"
FACT_Load_StockHolding,WWI_Facts,08_facts,fact,snapshot_fact,SQL Server Staging,SQL Server DW,Master_Daily_ETL,orchestration-plan,Master_Daily_ETL;Master_Intraday_Inventory,yes,ssis/08_facts/FACT_Load_StockHolding.dtsx,8,1,0,0,0,0,0,WWI_DW_Destination_DB;WWI_Staging_DB,OLEDB,,0,,,,,,LOW,"snapshot_fact: straight T-SQL extract/stage/fact/reference/aggregate load, translatable to SQL/Delta"
FACT_Load_SupplierPayment,WWI_Facts,08_facts,fact,incremental_fact,SQL Server Staging,SQL Server DW,Master_Daily_ETL,orchestration-plan,Master_Daily_ETL,yes,ssis/08_facts/FACT_Load_SupplierPayment.dtsx,9,1,0,0,0,0,0,WWI_DW_Destination_DB;WWI_Staging_DB,OLEDB,,0,,,,,,LOW,"incremental_fact: straight T-SQL extract/stage/fact/reference/aggregate load, translatable to SQL/Delta"
FACT_Load_SupplierTransaction,WWI_Facts,08_facts,fact,incremental_fact,SQL Server Staging,SQL Server DW,Master_Daily_ETL,orchestration-plan,Master_Daily_ETL,yes,ssis/08_facts/FACT_Load_SupplierTransaction.dtsx,9,1,0,0,0,0,0,WWI_DW_Destination_DB;WWI_Staging_DB,OLEDB,,0,,,,,,LOW,"incremental_fact: straight T-SQL extract/stage/fact/reference/aggregate load, translatable to SQL/Delta"
FACT_Load_Transaction,WWI_Facts,08_facts,fact,incremental_fact,SQL Server Staging,SQL Server DW,Master_Daily_ETL,orchestration-plan,Master_Daily_ETL,yes,ssis/08_facts/FACT_Load_Transaction.dtsx,9,1,0,0,0,0,0,WWI_DW_Destination_DB;WWI_Staging_DB,OLEDB,,0,,,,,,LOW,"incremental_fact: straight T-SQL extract/stage/fact/reference/aggregate load, translatable to SQL/Delta"
FACT_Load_WebSession,WWI_Facts,08_facts,fact,incremental_fact,SQL Server Staging,SQL Server DW,Master_Daily_ETL,orchestration-plan,Master_Daily_ETL,yes,ssis/08_facts/FACT_Load_WebSession.dtsx,9,1,0,0,0,0,0,WWI_DW_Destination_DB;WWI_Staging_DB,OLEDB,,0,,,,,,LOW,"incremental_fact: straight T-SQL extract/stage/fact/reference/aggregate load, translatable to SQL/Delta"
FACT_NA_Load_Sale,WWI_Facts,08_facts,fact,incremental_fact,SQL Server Staging,SQL Server DW,Master_Daily_ETL,orchestration-plan,Master_Daily_ETL,yes,ssis/08_facts/FACT_NA_Load_Sale.dtsx,11,1,0,0,0,0,0,WWI_DW_Destination_DB;WWI_Staging_DB,OLEDB,,0,,,,,,LOW,"incremental_fact: straight T-SQL extract/stage/fact/reference/aggregate load, translatable to SQL/Delta"
FIN_Close_PeriodLock,WWI_Finance,10_finance,finance,business_rule,SQL Server DW,SQL Server DW,Master_Finance_Close,orchestration-plan,Master_Finance_Close,yes,ssis/10_finance/FIN_Close_PeriodLock.dtsx,10,0,0,0,0,0,0,,OLEDB,,0,,,,,,LOW,"business_rule: straight T-SQL extract/stage/fact/reference/aggregate load, translatable to SQL/Delta"
FIN_Currency_Revaluation,WWI_Finance,10_finance,finance,business_rule,SQL Server Staging,SQL Server DW,Master_Finance_Close,orchestration-plan,Master_Finance_Close,yes,ssis/10_finance/FIN_Currency_Revaluation.dtsx,10,1,0,0,0,0,0,WWI_Staging_DB,OLEDB,,0,,,,,,LOW,"business_rule: straight T-SQL extract/stage/fact/reference/aggregate load, translatable to SQL/Delta"
FIN_Load_ApAging,WWI_Finance,10_finance,finance,business_rule,SQL Server Staging,SQL Server DW,Master_Finance_Close,orchestration-plan,Master_Finance_Close,yes,ssis/10_finance/FIN_Load_ApAging.dtsx,8,1,0,0,0,0,0,WWI_DW_Destination_DB;WWI_Staging_DB,OLEDB,,0,,,,,,LOW,"business_rule: straight T-SQL extract/stage/fact/reference/aggregate load, translatable to SQL/Delta"
FIN_Load_CostAllocation,WWI_Finance,10_finance,finance,business_rule,SQL Server Staging,SQL Server DW,Master_Finance_Close,orchestration-plan,Master_Finance_Close,yes,ssis/10_finance/FIN_Load_CostAllocation.dtsx,9,1,0,0,0,0,0,WWI_DW_Destination_DB;WWI_Staging_DB,OLEDB,,0,,,,,,LOW,"business_rule: straight T-SQL extract/stage/fact/reference/aggregate load, translatable to SQL/Delta"
FIN_Load_GlPostings,WWI_Finance,10_finance,finance,business_rule,SQL Server Staging,SQL Server DW,Master_Finance_Close,orchestration-plan,Master_Finance_Close,yes,ssis/10_finance/FIN_Load_GlPostings.dtsx,7,1,0,0,0,0,0,WWI_DW_Destination_DB;WWI_Staging_DB,OLEDB,,0,,,,,,LOW,"business_rule: straight T-SQL extract/stage/fact/reference/aggregate load, translatable to SQL/Delta"
FIN_Load_WithholdingTax,WWI_Finance,10_finance,finance,business_rule,SQL Server Staging,SQL Server DW,Master_Finance_Close,orchestration-plan,Master_Finance_Close,yes,ssis/10_finance/FIN_Load_WithholdingTax.dtsx,8,1,0,0,0,0,0,WWI_Staging_DB,OLEDB,,0,,,,,,LOW,"business_rule: straight T-SQL extract/stage/fact/reference/aggregate load, translatable to SQL/Delta"
FIN_Reconcile_SubledgerToGl,WWI_Finance,10_finance,finance,business_rule,SQL Server DW,SQL Server DW,Master_Finance_Close,orchestration-plan,Master_Finance_Close,yes,ssis/10_finance/FIN_Reconcile_SubledgerToGl.dtsx,9,0,0,0,0,0,0,,OLEDB,,0,,,,,,LOW,"business_rule: straight T-SQL extract/stage/fact/reference/aggregate load, translatable to SQL/Delta"
ING_FILE_CarrierScan,WWI_Ingest_Files,03_file_ingestion,ingestion,file_ingest,File share,SQL Server Staging,Master_Hourly_Incremental,,Master_File_Ingestion,yes,ssis/03_file_ingestion/ING_FILE_CarrierScan.dtsx,12,1,0,0,2,1,0,FF_CarrierScan;WWI_Staging_DB,FLATFILE;OLEDB,,0,,,yes,,,HIGH,"flat-file ingestion: file-share pickup, FLATFILE parsing and quarantine handling need Auto Loader/Volumes redesign"
ING_FILE_FxOverride,WWI_Ingest_Files,03_file_ingestion,ingestion,file_ingest,File share,SQL Server Staging,Master_Hourly_Incremental,,Master_File_Ingestion,yes,ssis/03_file_ingestion/ING_FILE_FxOverride.dtsx,11,1,0,0,2,1,0,FF_FxOverride;WWI_Staging_DB,FLATFILE;OLEDB,,0,,,yes,,,HIGH,"flat-file ingestion: file-share pickup, FLATFILE parsing and quarantine handling need Auto Loader/Volumes redesign"
ING_FILE_PartnerSales_APAC,WWI_Ingest_Files,03_file_ingestion,ingestion,file_ingest,File share,SQL Server Staging,Master_Hourly_Incremental,,Master_File_Ingestion,yes,ssis/03_file_ingestion/ING_FILE_PartnerSales_APAC.dtsx,10,1,0,0,2,1,0,FF_PartnerSales_APAC;WWI_Staging_DB,FLATFILE;OLEDB,,0,,,yes,,,HIGH,"flat-file ingestion: file-share pickup, FLATFILE parsing and quarantine handling need Auto Loader/Volumes redesign"
ING_FILE_PartnerSales_EU,WWI_Ingest_Files,03_file_ingestion,ingestion,file_ingest,File share,SQL Server Staging,Master_Hourly_Incremental,,Master_File_Ingestion,yes,ssis/03_file_ingestion/ING_FILE_PartnerSales_EU.dtsx,10,1,0,0,2,1,0,FF_PartnerSales_EU;WWI_Staging_DB,FLATFILE;OLEDB,,0,,,yes,,,HIGH,"flat-file ingestion: file-share pickup, FLATFILE parsing and quarantine handling need Auto Loader/Volumes redesign"
ING_FILE_PartnerSales_NA,WWI_Ingest_Files,03_file_ingestion,ingestion,file_ingest,File share,SQL Server Staging,Master_Hourly_Incremental,,Master_File_Ingestion,yes,ssis/03_file_ingestion/ING_FILE_PartnerSales_NA.dtsx,11,1,0,0,2,1,0,FF_PartnerSales_NA;WWI_Staging_DB,FLATFILE;OLEDB,,0,,,yes,,,HIGH,"flat-file ingestion: file-share pickup, FLATFILE parsing and quarantine handling need Auto Loader/Volumes redesign"
ING_FILE_QuarantineMalformed,WWI_Ingest_Files,03_file_ingestion,ingestion,file_ingest,File share,SQL Server Staging,Master_Hourly_Incremental,,Master_File_Ingestion,yes,ssis/03_file_ingestion/ING_FILE_QuarantineMalformed.dtsx,10,1,0,0,2,1,0,FF_QuarantineMalformed;WWI_Staging_DB,FLATFILE;OLEDB,,0,,,yes,,,HIGH,"flat-file ingestion: file-share pickup, FLATFILE parsing and quarantine handling need Auto Loader/Volumes redesign"
ING_FILE_SupplierCatalog,WWI_Ingest_Files,03_file_ingestion,ingestion,file_ingest,File share,SQL Server Staging,Master_Hourly_Incremental,,Master_File_Ingestion,yes,ssis/03_file_ingestion/ING_FILE_SupplierCatalog.dtsx,11,1,0,0,2,1,0,FF_SupplierCatalog;WWI_Staging_DB,FLATFILE;OLEDB,,0,,,yes,,,HIGH,"flat-file ingestion: file-share pickup, FLATFILE parsing and quarantine handling need Auto Loader/Volumes redesign"
INV_Load_CycleCountVariance,WWI_Inventory,12_inventory,inventory,business_rule,SQL Server Staging,SQL Server DW,Master_Daily_ETL,orchestration-plan,Master_Daily_ETL;Master_Intraday_Inventory,yes,ssis/12_inventory/INV_Load_CycleCountVariance.dtsx,10,0,0,0,0,0,0,,OLEDB,,0,,,,,,LOW,"business_rule: straight T-SQL extract/stage/fact/reference/aggregate load, translatable to SQL/Delta"
INV_Load_DailySnapshot,WWI_Inventory,12_inventory,inventory,business_rule,SQL Server DW,SQL Server DW,Master_Daily_ETL,orchestration-plan,Master_Daily_ETL,yes,ssis/12_inventory/INV_Load_DailySnapshot.dtsx,7,1,0,0,0,0,0,WWI_DW_Destination_DB;WWI_Staging_DB,OLEDB,,0,,,,,,LOW,"business_rule: straight T-SQL extract/stage/fact/reference/aggregate load, translatable to SQL/Delta"
INV_Load_Replenishment,WWI_Inventory,12_inventory,inventory,business_rule,SQL Server Staging,SQL Server DW,Master_Daily_ETL,orchestration-plan,Master_Daily_ETL;Master_Intraday_Inventory,yes,ssis/12_inventory/INV_Load_Replenishment.dtsx,9,1,0,0,0,0,0,WWI_Staging_DB,OLEDB,,0,,,,,,LOW,"business_rule: straight T-SQL extract/stage/fact/reference/aggregate load, translatable to SQL/Delta"
INV_Load_StockTransfer,WWI_Inventory,12_inventory,inventory,business_rule,SQL Server Staging,SQL Server DW,Master_Daily_ETL,orchestration-plan,Master_Daily_ETL;Master_Intraday_Inventory,yes,ssis/12_inventory/INV_Load_StockTransfer.dtsx,8,1,0,0,0,0,0,WWI_Staging_DB,OLEDB,,0,,,,,,LOW,"business_rule: straight T-SQL extract/stage/fact/reference/aggregate load, translatable to SQL/Delta"
INV_Reconcile_OnHand,WWI_Inventory,12_inventory,inventory,business_rule,SQL Server DW,SQL Server DW,Master_Daily_ETL,orchestration-plan,Master_Daily_ETL;Master_Intraday_Inventory,yes,ssis/12_inventory/INV_Reconcile_OnHand.dtsx,8,0,0,0,0,0,0,,OLEDB,,0,,,,,,LOW,"business_rule: straight T-SQL extract/stage/fact/reference/aggregate load, translatable to SQL/Delta"
MNT_Archive_ProcessedFiles,WWI_Maintenance,99_maintenance,maintenance,utility,SQL Server DW,SQL Server DW,Master_Weekly_Maintenance,orchestration-plan,Master_File_Ingestion;Master_Weekly_Maintenance,yes,ssis/99_maintenance/MNT_Archive_ProcessedFiles.dtsx,9,0,0,0,1,1,0,,OLEDB,,0,,,,,,HIGH,engine maintenance (index/statistics/purge/disk) has no direct Databricks equivalent
MNT_Check_DiskSpace,WWI_Maintenance,99_maintenance,maintenance,utility,SQL Server DW,SQL Server DW,Master_Weekly_Maintenance,orchestration-plan,Master_Weekly_Maintenance,yes,ssis/99_maintenance/MNT_Check_DiskSpace.dtsx,11,1,0,0,0,0,0,WWI_DW_Destination_DB;WWI_Staging_DB,OLEDB,,0,,,,,,HIGH,engine maintenance (index/statistics/purge/disk) has no direct Databricks equivalent
MNT_Purge_ControlHistory,WWI_Maintenance,99_maintenance,maintenance,utility,SQL Server DW,SQL Server DW,Master_Weekly_Maintenance,orchestration-plan,Master_Month_End;Master_Weekly_Maintenance,yes,ssis/99_maintenance/MNT_Purge_ControlHistory.dtsx,12,0,0,0,0,0,0,,OLEDB,,0,,,,,,HIGH,engine maintenance (index/statistics/purge/disk) has no direct Databricks equivalent
MNT_Purge_StagingHistory,WWI_Maintenance,99_maintenance,maintenance,utility,SQL Server DW,SQL Server DW,Master_Weekly_Maintenance,orchestration-plan,Master_Weekly_Maintenance,yes,ssis/99_maintenance/MNT_Purge_StagingHistory.dtsx,10,0,0,0,0,0,0,,OLEDB,,0,,,,,,HIGH,engine maintenance (index/statistics/purge/disk) has no direct Databricks equivalent
MNT_Rebuild_Indexes,WWI_Maintenance,99_maintenance,maintenance,utility,SQL Server DW,SQL Server DW,Master_Weekly_Maintenance,orchestration-plan,Master_Weekly_Maintenance,yes,ssis/99_maintenance/MNT_Rebuild_Indexes.dtsx,10,0,0,0,0,0,0,,OLEDB,,0,,,,,,HIGH,engine maintenance (index/statistics/purge/disk) has no direct Databricks equivalent
MNT_Update_Statistics,WWI_Maintenance,99_maintenance,maintenance,utility,SQL Server DW,SQL Server DW,Master_Weekly_Maintenance,orchestration-plan,Master_Month_End;Master_Weekly_Maintenance,yes,ssis/99_maintenance/MNT_Update_Statistics.dtsx,10,0,0,0,0,0,0,,OLEDB,,0,,,,,,HIGH,engine maintenance (index/statistics/purge/disk) has no direct Databricks equivalent
MNT_Validate_Configuration,WWI_Maintenance,99_maintenance,maintenance,utility,SQL Server DW,SQL Server DW,Master_Weekly_Maintenance,orchestration-plan,Master_Weekly_Maintenance,yes,ssis/99_maintenance/MNT_Validate_Configuration.dtsx,12,0,0,0,0,0,0,,OLEDB,,0,,,,,,HIGH,engine maintenance (index/statistics/purge/disk) has no direct Databricks equivalent
Master_Customer_Sync,WWI_Orchestration,00_orchestration,orchestration,orchestration,n/a,n/a,,,,yes,ssis/00_orchestration/Master_Customer_Sync.dtsx,26,0,0,0,0,0,0,,OLEDB,,22,,,,,,MEDIUM,master orchestration: control-framework batch/step logic maps to Lakeflow Jobs but needs rework
Master_Daily_ETL,WWI_Orchestration,00_orchestration,orchestration,orchestration,n/a,n/a,,,,yes,ssis/00_orchestration/Master_Daily_ETL.dtsx,57,0,0,0,0,0,0,,OLEDB,,152,,,,,,MEDIUM,master orchestration: control-framework batch/step logic maps to Lakeflow Jobs but needs rework
Master_File_Ingestion,WWI_Orchestration,00_orchestration,orchestration,orchestration,n/a,n/a,,,,yes,ssis/00_orchestration/Master_File_Ingestion.dtsx,21,0,0,0,0,0,0,,OLEDB,,13,,,,,,MEDIUM,master orchestration: control-framework batch/step logic maps to Lakeflow Jobs but needs rework
Master_Finance_Close,WWI_Orchestration,00_orchestration,orchestration,orchestration,n/a,n/a,,,,yes,ssis/00_orchestration/Master_Finance_Close.dtsx,23,0,0,0,0,0,0,,OLEDB,,11,,,,,,MEDIUM,master orchestration: control-framework batch/step logic maps to Lakeflow Jobs but needs rework
Master_Hourly_Incremental,WWI_Orchestration,00_orchestration,orchestration,orchestration,n/a,n/a,,,,yes,ssis/00_orchestration/Master_Hourly_Incremental.dtsx,21,0,0,0,0,0,0,,OLEDB,,16,,,,,,MEDIUM,master orchestration: control-framework batch/step logic maps to Lakeflow Jobs but needs rework
Master_Intraday_Inventory,WWI_Orchestration,00_orchestration,orchestration,orchestration,n/a,n/a,,,,yes,ssis/00_orchestration/Master_Intraday_Inventory.dtsx,22,0,0,0,0,0,0,,OLEDB,,15,,,,,,MEDIUM,master orchestration: control-framework batch/step logic maps to Lakeflow Jobs but needs rework
Master_Month_End,WWI_Orchestration,00_orchestration,orchestration,orchestration,n/a,n/a,,,,yes,ssis/00_orchestration/Master_Month_End.dtsx,25,0,0,0,0,0,0,,OLEDB,,19,,,,,,MEDIUM,master orchestration: control-framework batch/step logic maps to Lakeflow Jobs but needs rework
Master_Weekly_Maintenance,WWI_Orchestration,00_orchestration,orchestration,orchestration,n/a,n/a,,,,yes,ssis/00_orchestration/Master_Weekly_Maintenance.dtsx,19,0,0,0,0,0,0,,OLEDB,,10,,,,,,MEDIUM,master orchestration: control-framework batch/step logic maps to Lakeflow Jobs but needs rework
Master_Weekly_Reference_Load,WWI_Orchestration,00_orchestration,orchestration,orchestration,n/a,n/a,,,,yes,ssis/00_orchestration/Master_Weekly_Reference_Load.dtsx,21,0,0,0,0,0,0,,OLEDB,,16,,,,,,MEDIUM,master orchestration: control-framework batch/step logic maps to Lakeflow Jobs but needs rework
PRC_Export_SupplierStatement,WWI_Procurement,13_procurement,procurement,business_rule,SQL Server DW,SQL Server DW,Master_Daily_ETL,orchestration-plan,Master_Daily_ETL,yes,ssis/13_procurement/PRC_Export_SupplierStatement.dtsx,9,1,0,0,0,0,0,WWI_Staging_DB,OLEDB,,0,,,,,,HIGH,mail/notification or export-to-file: external side effect outside the lakehouse
PRC_Load_ContractCompliance,WWI_Procurement,13_procurement,procurement,business_rule,SQL Server Staging,SQL Server DW,Master_Daily_ETL,orchestration-plan,Master_Daily_ETL,yes,ssis/13_procurement/PRC_Load_ContractCompliance.dtsx,10,0,0,0,0,0,0,,OLEDB,,0,,,,,,LOW,"business_rule: straight T-SQL extract/stage/fact/reference/aggregate load, translatable to SQL/Delta"
PRC_Load_PurchaseSpend,WWI_Procurement,13_procurement,procurement,business_rule,SQL Server Staging,SQL Server DW,Master_Daily_ETL,orchestration-plan,Master_Daily_ETL,yes,ssis/13_procurement/PRC_Load_PurchaseSpend.dtsx,8,1,0,0,0,0,0,WWI_DW_Destination_DB;WWI_Staging_DB,OLEDB,,0,,,,,,LOW,"business_rule: straight T-SQL extract/stage/fact/reference/aggregate load, translatable to SQL/Delta"
PRC_Load_ReceiptMatching,WWI_Procurement,13_procurement,procurement,business_rule,SQL Server Staging,SQL Server DW,Master_Daily_ETL,orchestration-plan,Master_Daily_ETL,yes,ssis/13_procurement/PRC_Load_ReceiptMatching.dtsx,9,1,0,0,0,0,0,WWI_DW_Destination_DB;WWI_Staging_DB,OLEDB,,0,,,,,,LOW,"business_rule: straight T-SQL extract/stage/fact/reference/aggregate load, translatable to SQL/Delta"
PRC_Load_SupplierScorecard,WWI_Procurement,13_procurement,procurement,business_rule,SQL Server Staging,SQL Server DW,Master_Daily_ETL,orchestration-plan,Master_Daily_ETL,yes,ssis/13_procurement/PRC_Load_SupplierScorecard.dtsx,8,1,0,0,0,0,0,WWI_DW_Destination_DB;WWI_Staging_DB,OLEDB,,0,,,,,,LOW,"business_rule: straight T-SQL extract/stage/fact/reference/aggregate load, translatable to SQL/Delta"
REF_Load_Carrier,WWI_ReferenceData,06_reference_data,reference,full_refresh,SQL Server Staging,SQL Server DW,Master_Weekly_Reference_Load,orchestration-plan,Master_Weekly_Reference_Load,yes,ssis/06_reference_data/REF_Load_Carrier.dtsx,8,1,0,0,0,0,0,WWI_DW_Destination_DB;WWI_Staging_DB,OLEDB,,0,,,,,,LOW,"full_refresh: straight T-SQL extract/stage/fact/reference/aggregate load, translatable to SQL/Delta"
REF_Load_CodeTranslation,WWI_ReferenceData,06_reference_data,reference,full_refresh,SQL Server Staging,SQL Server DW,Master_Weekly_Reference_Load,orchestration-plan,Master_Daily_ETL;Master_Weekly_Reference_Load,yes,ssis/06_reference_data/REF_Load_CodeTranslation.dtsx,9,2,0,0,0,0,0,WWI_Staging_DB,OLEDB,,0,,,,,,LOW,"full_refresh: straight T-SQL extract/stage/fact/reference/aggregate load, translatable to SQL/Delta"
REF_Load_CostCenter,WWI_ReferenceData,06_reference_data,reference,full_refresh,SQL Server Staging,SQL Server DW,Master_Weekly_Reference_Load,orchestration-plan,Master_Weekly_Reference_Load,yes,ssis/06_reference_data/REF_Load_CostCenter.dtsx,8,1,0,0,0,0,0,WWI_DW_Destination_DB;WWI_Staging_DB,OLEDB,,0,,,,,,LOW,"full_refresh: straight T-SQL extract/stage/fact/reference/aggregate load, translatable to SQL/Delta"
REF_Load_Currency,WWI_ReferenceData,06_reference_data,reference,full_refresh,SQL Server Staging,SQL Server DW,Master_Weekly_Reference_Load,orchestration-plan,Master_Daily_ETL;Master_Weekly_Reference_Load,yes,ssis/06_reference_data/REF_Load_Currency.dtsx,9,1,0,0,0,0,0,WWI_DW_Destination_DB;WWI_Staging_DB,OLEDB,,0,,,,,,LOW,"full_refresh: straight T-SQL extract/stage/fact/reference/aggregate load, translatable to SQL/Delta"
REF_Load_DateDimension,WWI_ReferenceData,06_reference_data,reference,full_refresh,SQL Server Staging,SQL Server DW,Master_Weekly_Reference_Load,orchestration-plan,Master_Weekly_Reference_Load,yes,ssis/06_reference_data/REF_Load_DateDimension.dtsx,7,1,0,0,0,0,0,WWI_DW_Destination_DB;WWI_Staging_DB,OLEDB,,0,,,,,,LOW,"full_refresh: straight T-SQL extract/stage/fact/reference/aggregate load, translatable to SQL/Delta"
REF_Load_Geography,WWI_ReferenceData,06_reference_data,reference,full_refresh,SQL Server Staging,SQL Server DW,Master_Weekly_Reference_Load,orchestration-plan,Master_Weekly_Reference_Load,yes,ssis/06_reference_data/REF_Load_Geography.dtsx,11,1,0,0,0,0,0,WWI_DW_Destination_DB;WWI_Staging_DB,OLEDB,,0,,,,,,LOW,"full_refresh: straight T-SQL extract/stage/fact/reference/aggregate load, translatable to SQL/Delta"
REF_Load_LoyaltyTier,WWI_ReferenceData,06_reference_data,reference,full_refresh,SQL Server Staging,SQL Server DW,Master_Weekly_Reference_Load,orchestration-plan,Master_Weekly_Reference_Load,yes,ssis/06_reference_data/REF_Load_LoyaltyTier.dtsx,8,1,0,0,0,0,0,WWI_DW_Destination_DB;WWI_Staging_DB,OLEDB,,0,,,,,,LOW,"full_refresh: straight T-SQL extract/stage/fact/reference/aggregate load, translatable to SQL/Delta"
REF_Load_PaymentMethod,WWI_ReferenceData,06_reference_data,reference,full_refresh,SQL Server Staging,SQL Server DW,Master_Weekly_Reference_Load,orchestration-plan,Master_Weekly_Reference_Load,yes,ssis/06_reference_data/REF_Load_PaymentMethod.dtsx,8,1,0,0,0,0,0,WWI_DW_Destination_DB;WWI_Staging_DB,OLEDB,,0,,,,,,LOW,"full_refresh: straight T-SQL extract/stage/fact/reference/aggregate load, translatable to SQL/Delta"
REF_Load_PaymentTerms,WWI_ReferenceData,06_reference_data,reference,full_refresh,SQL Server Staging,SQL Server DW,Master_Weekly_Reference_Load,orchestration-plan,Master_Weekly_Reference_Load,yes,ssis/06_reference_data/REF_Load_PaymentTerms.dtsx,8,1,0,0,0,0,0,WWI_DW_Destination_DB;WWI_Staging_DB,OLEDB,,0,,,,,,LOW,"full_refresh: straight T-SQL extract/stage/fact/reference/aggregate load, translatable to SQL/Delta"
REF_Load_ReturnReason,WWI_ReferenceData,06_reference_data,reference,full_refresh,SQL Server Staging,SQL Server DW,Master_Weekly_Reference_Load,orchestration-plan,Master_Weekly_Reference_Load,yes,ssis/06_reference_data/REF_Load_ReturnReason.dtsx,10,1,0,0,0,0,0,WWI_DW_Destination_DB;WWI_Staging_DB,OLEDB,,0,,,,,,LOW,"full_refresh: straight T-SQL extract/stage/fact/reference/aggregate load, translatable to SQL/Delta"
REF_Load_SalesChannel,WWI_ReferenceData,06_reference_data,reference,full_refresh,SQL Server Staging,SQL Server DW,Master_Weekly_Reference_Load,orchestration-plan,Master_Weekly_Reference_Load,yes,ssis/06_reference_data/REF_Load_SalesChannel.dtsx,8,1,0,0,0,0,0,WWI_DW_Destination_DB;WWI_Staging_DB,OLEDB,,0,,,,,,LOW,"full_refresh: straight T-SQL extract/stage/fact/reference/aggregate load, translatable to SQL/Delta"
REF_Load_TransactionType,WWI_ReferenceData,06_reference_data,reference,full_refresh,SQL Server Staging,SQL Server DW,Master_Weekly_Reference_Load,orchestration-plan,Master_Weekly_Reference_Load,yes,ssis/06_reference_data/REF_Load_TransactionType.dtsx,10,2,0,0,0,0,0,WWI_DW_Destination_DB;WWI_Staging_DB,OLEDB,,0,,,,,,LOW,"full_refresh: straight T-SQL extract/stage/fact/reference/aggregate load, translatable to SQL/Delta"
REF_Load_UnknownMembers,WWI_ReferenceData,06_reference_data,reference,full_refresh,SQL Server Staging,SQL Server DW,Master_Weekly_Reference_Load,orchestration-plan,Master_Daily_ETL;Master_Weekly_Reference_Load,yes,ssis/06_reference_data/REF_Load_UnknownMembers.dtsx,9,1,0,0,0,0,0,WWI_DW_Destination_DB;WWI_Staging_DB,OLEDB,,0,,,,,,LOW,"full_refresh: straight T-SQL extract/stage/fact/reference/aggregate load, translatable to SQL/Delta"
REF_Load_WarehouseSite,WWI_ReferenceData,06_reference_data,reference,full_refresh,SQL Server Staging,SQL Server DW,Master_Weekly_Reference_Load,orchestration-plan,Master_Weekly_Reference_Load,yes,ssis/06_reference_data/REF_Load_WarehouseSite.dtsx,9,1,0,0,0,0,0,WWI_DW_Destination_DB;WWI_Staging_DB,OLEDB,,0,,,,,,LOW,"full_refresh: straight T-SQL extract/stage/fact/reference/aggregate load, translatable to SQL/Delta"
SLS_APAC_Load_Commission,WWI_Sales,11_sales,sales,business_rule,SQL Server Staging,SQL Server DW,Master_Daily_ETL,orchestration-plan,Master_Daily_ETL,yes,ssis/11_sales/SLS_APAC_Load_Commission.dtsx,9,1,0,0,0,0,0,WWI_Staging_DB,OLEDB,,0,,,,,,LOW,"business_rule: straight T-SQL extract/stage/fact/reference/aggregate load, translatable to SQL/Delta"
SLS_EU_Load_Commission,WWI_Sales,11_sales,sales,business_rule,SQL Server Staging,SQL Server DW,Master_Daily_ETL,orchestration-plan,Master_Daily_ETL,yes,ssis/11_sales/SLS_EU_Load_Commission.dtsx,9,1,0,0,0,0,0,WWI_Staging_DB,OLEDB,,0,,,,,,LOW,"business_rule: straight T-SQL extract/stage/fact/reference/aggregate load, translatable to SQL/Delta"
SLS_Export_PartnerFeed,WWI_Sales,11_sales,sales,business_rule,SQL Server DW,SQL Server DW,Master_Daily_ETL,orchestration-plan,Master_Daily_ETL,yes,ssis/11_sales/SLS_Export_PartnerFeed.dtsx,9,1,0,0,0,0,0,WWI_Staging_DB,OLEDB,,0,,,,,,HIGH,mail/notification or export-to-file: external side effect outside the lakehouse
SLS_Load_PromotionRedemption,WWI_Sales,11_sales,sales,business_rule,SQL Server Staging,SQL Server DW,Master_Daily_ETL,orchestration-plan,Master_Daily_ETL,yes,ssis/11_sales/SLS_Load_PromotionRedemption.dtsx,8,1,0,0,0,0,0,WWI_DW_Destination_DB;WWI_Staging_DB,OLEDB,,0,,,,,,LOW,"business_rule: straight T-SQL extract/stage/fact/reference/aggregate load, translatable to SQL/Delta"
SLS_Load_QuotaAttainment,WWI_Sales,11_sales,sales,business_rule,SQL Server Staging,SQL Server DW,Master_Daily_ETL,orchestration-plan,Master_Daily_ETL,yes,ssis/11_sales/SLS_Load_QuotaAttainment.dtsx,8,1,0,0,0,0,0,WWI_DW_Destination_DB;WWI_Staging_DB,OLEDB,,0,,,,,,LOW,"business_rule: straight T-SQL extract/stage/fact/reference/aggregate load, translatable to SQL/Delta"
SLS_NA_Load_Commission,WWI_Sales,11_sales,sales,business_rule,SQL Server Staging,SQL Server DW,Master_Daily_ETL,orchestration-plan,Master_Daily_ETL,yes,ssis/11_sales/SLS_NA_Load_Commission.dtsx,8,1,0,0,0,0,0,WWI_DW_Destination_DB;WWI_Staging_DB,OLEDB,,0,,,,,,LOW,"business_rule: straight T-SQL extract/stage/fact/reference/aggregate load, translatable to SQL/Delta"
STG_Load_ApInvoice,WWI_Staging,04_staging,staging,incremental_append,SQL Server Staging (raw),SQL Server Staging,Master_Daily_ETL,orchestration-plan,Master_Daily_ETL,yes,ssis/04_staging/STG_Load_ApInvoice.dtsx,9,2,0,0,0,0,0,WWI_Staging_DB,OLEDB,,0,,,,,,LOW,"incremental_append: straight T-SQL extract/stage/fact/reference/aggregate load, translatable to SQL/Delta"
STG_Load_CostCenter,WWI_Staging,04_staging,staging,truncate_reload,SQL Server Staging (raw),SQL Server Staging,Master_Daily_ETL,orchestration-plan,Master_Daily_ETL,yes,ssis/04_staging/STG_Load_CostCenter.dtsx,8,1,0,0,0,0,0,WWI_Staging_DB,OLEDB,,0,,,,,,LOW,"truncate_reload: straight T-SQL extract/stage/fact/reference/aggregate load, translatable to SQL/Delta"
STG_Load_Currency,WWI_Staging,04_staging,staging,truncate_reload,SQL Server Staging (raw),SQL Server Staging,Master_Daily_ETL,orchestration-plan,Master_Daily_ETL;Master_File_Ingestion,yes,ssis/04_staging/STG_Load_Currency.dtsx,8,2,0,0,0,0,0,WWI_Staging_DB,OLEDB,,0,,,,,,LOW,"truncate_reload: straight T-SQL extract/stage/fact/reference/aggregate load, translatable to SQL/Delta"
STG_Load_Customer,WWI_Staging,04_staging,staging,truncate_reload,SQL Server Staging (raw),SQL Server Staging,Master_Daily_ETL,orchestration-plan,Master_Customer_Sync;Master_Daily_ETL,yes,ssis/04_staging/STG_Load_Customer.dtsx,8,1,0,0,0,0,0,WWI_Staging_DB,OLEDB,,0,,,,,,LOW,"truncate_reload: straight T-SQL extract/stage/fact/reference/aggregate load, translatable to SQL/Delta"
STG_Load_CustomerAddress,WWI_Staging,04_staging,staging,truncate_reload,SQL Server Staging (raw),SQL Server Staging,Master_Daily_ETL,orchestration-plan,Master_Customer_Sync;Master_Daily_ETL,yes,ssis/04_staging/STG_Load_CustomerAddress.dtsx,8,3,0,0,0,0,0,WWI_Staging_DB,OLEDB,,0,,,,,,LOW,"truncate_reload: straight T-SQL extract/stage/fact/reference/aggregate load, translatable to SQL/Delta"
STG_Load_Employee,WWI_Staging,04_staging,staging,truncate_reload,SQL Server Staging (raw),SQL Server Staging,Master_Daily_ETL,orchestration-plan,Master_Customer_Sync;Master_Daily_ETL,yes,ssis/04_staging/STG_Load_Employee.dtsx,9,2,0,0,0,0,0,WWI_Staging_DB,OLEDB,,0,,,,,,LOW,"truncate_reload: straight T-SQL extract/stage/fact/reference/aggregate load, translatable to SQL/Delta"
STG_Load_Geography,WWI_Staging,04_staging,staging,truncate_reload,SQL Server Staging (raw),SQL Server Staging,Master_Daily_ETL,orchestration-plan,Master_Daily_ETL,yes,ssis/04_staging/STG_Load_Geography.dtsx,8,1,0,0,0,0,0,WWI_Staging_DB,OLEDB,,0,,,,,,LOW,"truncate_reload: straight T-SQL extract/stage/fact/reference/aggregate load, translatable to SQL/Delta"
STG_Load_GlJournal,WWI_Staging,04_staging,staging,incremental_append,SQL Server Staging (raw),SQL Server Staging,Master_Daily_ETL,orchestration-plan,Master_Daily_ETL,yes,ssis/04_staging/STG_Load_GlJournal.dtsx,9,1,0,0,0,0,0,WWI_Staging_DB,OLEDB,,0,,,,,,LOW,"incremental_append: straight T-SQL extract/stage/fact/reference/aggregate load, translatable to SQL/Delta"
STG_Load_LoyaltyLedger,WWI_Staging,04_staging,staging,incremental_append,SQL Server Staging (raw),SQL Server Staging,Master_Daily_ETL,orchestration-plan,Master_Daily_ETL,yes,ssis/04_staging/STG_Load_LoyaltyLedger.dtsx,9,1,0,0,0,0,0,WWI_Staging_DB,OLEDB,,0,,,,,,LOW,"incremental_append: straight T-SQL extract/stage/fact/reference/aggregate load, translatable to SQL/Delta"
STG_Load_Order,WWI_Staging,04_staging,staging,incremental_append,SQL Server Staging (raw),SQL Server Staging,Master_Daily_ETL,orchestration-plan,Master_Daily_ETL;Master_Hourly_Incremental,yes,ssis/04_staging/STG_Load_Order.dtsx,9,2,0,0,0,0,0,WWI_Staging_DB,OLEDB,,0,,,,,,LOW,"incremental_append: straight T-SQL extract/stage/fact/reference/aggregate load, translatable to SQL/Delta"
STG_Load_PartnerSale,WWI_Staging,04_staging,staging,incremental_append,SQL Server Staging (raw),SQL Server Staging,Master_Daily_ETL,orchestration-plan,Master_Daily_ETL;Master_File_Ingestion,yes,ssis/04_staging/STG_Load_PartnerSale.dtsx,9,1,0,0,0,0,0,WWI_Staging_DB,OLEDB,,0,,,,,,LOW,"incremental_append: straight T-SQL extract/stage/fact/reference/aggregate load, translatable to SQL/Delta"
STG_Load_Payment,WWI_Staging,04_staging,staging,incremental_append,SQL Server Staging (raw),SQL Server Staging,Master_Daily_ETL,orchestration-plan,Master_Daily_ETL,yes,ssis/04_staging/STG_Load_Payment.dtsx,9,1,0,0,0,0,0,WWI_Staging_DB,OLEDB,,0,,,,,,LOW,"incremental_append: straight T-SQL extract/stage/fact/reference/aggregate load, translatable to SQL/Delta"
STG_Load_Product,WWI_Staging,04_staging,staging,truncate_reload,SQL Server Staging (raw),SQL Server Staging,Master_Daily_ETL,orchestration-plan,Master_Daily_ETL,yes,ssis/04_staging/STG_Load_Product.dtsx,7,1,0,0,0,0,0,WWI_Staging_DB,OLEDB,,0,,,,,,LOW,"truncate_reload: straight T-SQL extract/stage/fact/reference/aggregate load, translatable to SQL/Delta"
STG_Load_PromotionAndTerritory,WWI_Staging,04_staging,staging,truncate_reload,SQL Server Staging (raw),SQL Server Staging,Master_Daily_ETL,orchestration-plan,Master_Daily_ETL,yes,ssis/04_staging/STG_Load_PromotionAndTerritory.dtsx,9,2,0,0,0,0,0,WWI_Staging_DB,OLEDB,,0,,,,,,LOW,"truncate_reload: straight T-SQL extract/stage/fact/reference/aggregate load, translatable to SQL/Delta"
STG_Load_PurchaseOrder,WWI_Staging,04_staging,staging,incremental_append,SQL Server Staging (raw),SQL Server Staging,Master_Daily_ETL,orchestration-plan,Master_Daily_ETL,yes,ssis/04_staging/STG_Load_PurchaseOrder.dtsx,9,2,0,0,0,0,0,WWI_Staging_DB,OLEDB,,0,,,,,,LOW,"incremental_append: straight T-SQL extract/stage/fact/reference/aggregate load, translatable to SQL/Delta"
STG_Load_ReturnAndCredit,WWI_Staging,04_staging,staging,incremental_append,SQL Server Staging (raw),SQL Server Staging,Master_Daily_ETL,orchestration-plan,Master_Daily_ETL,yes,ssis/04_staging/STG_Load_ReturnAndCredit.dtsx,9,2,0,0,0,0,0,WWI_Staging_DB,OLEDB,,0,,,,,,LOW,"incremental_append: straight T-SQL extract/stage/fact/reference/aggregate load, translatable to SQL/Delta"
STG_Load_Sale,WWI_Staging,04_staging,staging,incremental_append,SQL Server Staging (raw),SQL Server Staging,Master_Daily_ETL,orchestration-plan,Master_Daily_ETL;Master_Hourly_Incremental,yes,ssis/04_staging/STG_Load_Sale.dtsx,9,2,0,0,0,0,0,WWI_Staging_DB,OLEDB,,0,,,,,,LOW,"incremental_append: straight T-SQL extract/stage/fact/reference/aggregate load, translatable to SQL/Delta"
STG_Load_Shipment,WWI_Staging,04_staging,staging,incremental_append,SQL Server Staging (raw),SQL Server Staging,Master_Daily_ETL,orchestration-plan,Master_Daily_ETL;Master_Hourly_Incremental,yes,ssis/04_staging/STG_Load_Shipment.dtsx,9,2,0,0,0,0,0,WWI_Staging_DB,OLEDB,,0,,,,,,LOW,"incremental_append: straight T-SQL extract/stage/fact/reference/aggregate load, translatable to SQL/Delta"
STG_Load_StockItem,WWI_Staging,04_staging,staging,truncate_reload,SQL Server Staging (raw),SQL Server Staging,Master_Daily_ETL,orchestration-plan,Master_Daily_ETL;Master_Intraday_Inventory,yes,ssis/04_staging/STG_Load_StockItem.dtsx,8,1,0,0,0,0,0,WWI_Staging_DB,OLEDB,,0,,,,,,LOW,"truncate_reload: straight T-SQL extract/stage/fact/reference/aggregate load, translatable to SQL/Delta"
STG_Load_StockMovement,WWI_Staging,04_staging,staging,incremental_append,SQL Server Staging (raw),SQL Server Staging,Master_Daily_ETL,orchestration-plan,Master_Daily_ETL;Master_Intraday_Inventory,yes,ssis/04_staging/STG_Load_StockMovement.dtsx,9,1,0,0,0,0,0,WWI_Staging_DB,OLEDB,,0,,,,,,LOW,"incremental_append: straight T-SQL extract/stage/fact/reference/aggregate load, translatable to SQL/Delta"
STG_Load_Supplier,WWI_Staging,04_staging,staging,truncate_reload,SQL Server Staging (raw),SQL Server Staging,Master_Daily_ETL,orchestration-plan,Master_Daily_ETL,yes,ssis/04_staging/STG_Load_Supplier.dtsx,8,1,0,0,0,0,0,WWI_Staging_DB,OLEDB,,0,,,,,,LOW,"truncate_reload: straight T-SQL extract/stage/fact/reference/aggregate load, translatable to SQL/Delta"
STG_Load_TaxAndTerms,WWI_Staging,04_staging,staging,truncate_reload,SQL Server Staging (raw),SQL Server Staging,Master_Daily_ETL,orchestration-plan,Master_Daily_ETL,yes,ssis/04_staging/STG_Load_TaxAndTerms.dtsx,9,2,0,0,0,0,0,WWI_Staging_DB,OLEDB,,0,,,,,,LOW,"truncate_reload: straight T-SQL extract/stage/fact/reference/aggregate load, translatable to SQL/Delta"
STG_Load_VendorContract,WWI_Staging,04_staging,staging,truncate_reload,SQL Server Staging (raw),SQL Server Staging,Master_Daily_ETL,orchestration-plan,Master_Daily_ETL,yes,ssis/04_staging/STG_Load_VendorContract.dtsx,7,1,0,0,0,0,0,WWI_Staging_DB,OLEDB,,0,,,,,,LOW,"truncate_reload: straight T-SQL extract/stage/fact/reference/aggregate load, translatable to SQL/Delta"
STG_Load_WebSession,WWI_Staging,04_staging,staging,incremental_append,SQL Server Staging (raw),SQL Server Staging,Master_Daily_ETL,orchestration-plan,Master_Daily_ETL,yes,ssis/04_staging/STG_Load_WebSession.dtsx,9,1,0,0,0,0,0,WWI_Staging_DB,OLEDB,,0,,,,,,LOW,"incremental_append: straight T-SQL extract/stage/fact/reference/aggregate load, translatable to SQL/Delta"
STG_Work_CustomerDedup,WWI_Staging,04_staging,staging,work_rebuild,SQL Server Staging (raw),SQL Server Staging,Master_Daily_ETL,orchestration-plan,Master_Customer_Sync;Master_Daily_ETL,yes,ssis/04_staging/STG_Work_CustomerDedup.dtsx,9,2,0,0,0,0,0,WWI_Staging_DB,OLEDB,,0,,,,,,LOW,"work_rebuild: straight T-SQL extract/stage/fact/reference/aggregate load, translatable to SQL/Delta"
STG_Work_InventoryPosition,WWI_Staging,04_staging,staging,work_rebuild,SQL Server Staging (raw),SQL Server Staging,Master_Daily_ETL,orchestration-plan,Master_Daily_ETL;Master_Intraday_Inventory,yes,ssis/04_staging/STG_Work_InventoryPosition.dtsx,8,1,0,0,0,0,0,WWI_Staging_DB,OLEDB,,0,,,,,,LOW,"work_rebuild: straight T-SQL extract/stage/fact/reference/aggregate load, translatable to SQL/Delta"
STG_Work_PaymentMatch,WWI_Staging,04_staging,staging,work_rebuild,SQL Server Staging (raw),SQL Server Staging,Master_Daily_ETL,orchestration-plan,Master_Daily_ETL,yes,ssis/04_staging/STG_Work_PaymentMatch.dtsx,8,1,0,0,0,0,0,WWI_Staging_DB,OLEDB,,0,,,,,,LOW,"work_rebuild: straight T-SQL extract/stage/fact/reference/aggregate load, translatable to SQL/Delta"
STG_Work_ProductCrosswalk,WWI_Staging,04_staging,staging,work_rebuild,SQL Server Staging (raw),SQL Server Staging,Master_Daily_ETL,orchestration-plan,Master_Daily_ETL,yes,ssis/04_staging/STG_Work_ProductCrosswalk.dtsx,9,2,0,0,0,0,0,WWI_Staging_DB,OLEDB,,0,,,,,,LOW,"work_rebuild: straight T-SQL extract/stage/fact/reference/aggregate load, translatable to SQL/Delta"
