CarrierCode,TrackingNumber,ShipmentReference,ScanStatusCode,ScanStatusDescription,ScanTimestampText,ScanLocationCode,ScanCountryCode,ExceptionReasonCode,SignedByName,PieceCount,WeightValue,WeightUomCode
SWIFTFRT,SF882201,801087,PU,Picked up,2024-12-25T21:10:00+13:00,AKL-HUB,NZ,,,1,1.800,KG
SWIFTFRT,SF882201,801087,DLV,Delivered,2024-12-26T13:10:00+13:00,AKL-DEP,NZ,,K. Ngata,1,1.800,KG
SWIFTFRT,SF882201,801087,DLV,Delivered,2024-12-26T13:10:00+13:00,AKL-DEP,NZ,,K. Ngata,1,1.800,KG
LOCALDEL,LD5510091,800119,PU,Picked up,2024-12-25T01:54:00-05:00,YUL-CHL,CA,,,2,18.000,KG
LOCALDEL,LD5510091,800119,DLV,Delivered,2024-12-27T13:54:00-05:00,YUL-CHL,CA,,,2,18.000,KG
EUROLINK,,800209,DLV,Delivered,2024-12-28T21:02:00-05:00,BOS-DEP,US,,,1,4.000,KG
EUROLINK,EL45019955,801660,,,2024-12-25T22:28:00-05:00,YYZ-DEP,CA,,,1,7.500,KG
EUROLINK,EL45019960,801975,DLV,Delivered,garbage-timestamp,MEX-HUB,MX,,,1,3.000,KG
EUROLINK,EL45019960,801975,DLV,Delivered,2024-12-20T15:44:00-06:00,MEX-HUB,MX,,P. Núñez,1,3.000,KG
