package,criticality
AGG_Publish_ReportingLayer,high
AGG_Refresh_Customer360,medium
AGG_Refresh_CustomerRolling12Month,medium
AGG_Refresh_DailyInventoryHealth,medium
AGG_Refresh_DailySalesSummary,medium
AGG_Refresh_DeliveryPerformanceSummary,medium
AGG_Refresh_FinanceCloseSummary,medium
AGG_Refresh_MonthlyMarginAnalysis,medium
AGG_Refresh_MonthlySalesSummary,medium
AGG_Refresh_ProductPerformance,medium
AGG_Refresh_PromotionEffectiveness,medium
AGG_Refresh_RegionalSalesPerformance,medium
AGG_Refresh_SupplierPerformance,medium
C360_Build_ChurnFlags,medium
C360_Build_CustomerProfile,medium
C360_Build_LoyaltyOverlay,medium
C360_Build_RollingMetrics,medium
C360_Publish_Segments,medium
DIM_APAC_Load_Customer,high
DIM_EU_Load_Customer,high
DIM_Load_City,high
DIM_Load_CustomerCategory,medium
DIM_Load_CustomerSegment,high
DIM_Load_Employee,high
DIM_Load_ProductCategory,medium
DIM_Load_Promotion,high
DIM_Load_SalesTerritory,medium
DIM_Load_Salesperson,high
DIM_Load_StockItem,high
DIM_Load_Supplier,high
DIM_Load_VendorContract,high
DIM_NA_Load_Customer,high
DIM_Rekey_LateArriving,high
DQ_Customer_Screen,high
DQ_File_Screen,high
DQ_InvoiceLine_Screen,high
DQ_OrderLine_Screen,high
DQ_Payment_Screen,high
DQ_Referential_Screen,high
DQ_Reject_Reprocess,high
DQ_Rule_Engine,high
DQ_Supplier_Screen,high
DQ_Threshold_Gate,high
ERR_Handle_PackageFailure,high
ERR_Notify_Operations,high
ERR_Quarantine_BadFiles,high
ERR_Reconcile_RowCounts,high
ERR_Retry_FailedSteps,high
ERR_Route_RejectedRows,high
EXT_ORA_ApAging,medium
EXT_ORA_ApInvoiceHdr,high
EXT_ORA_ApInvoiceLine,high
EXT_ORA_ApPayment,high
EXT_ORA_ApPaymentApply,medium
EXT_ORA_CodeTranslation,medium
EXT_ORA_CostCenter,medium
EXT_ORA_Currency,high
EXT_ORA_CustomerAddress,high
EXT_ORA_CustomerMaster,high
EXT_ORA_FxRateDaily,high
EXT_ORA_Geography,medium
EXT_ORA_GlJournalLine,high
EXT_ORA_PaymentTerms,medium
EXT_ORA_ProductHierarchy,medium
EXT_ORA_ProductMaster,high
EXT_ORA_PurchaseOrderHdr,high
EXT_ORA_PurchaseOrderLine,high
EXT_ORA_ReceiptLine,high
EXT_ORA_SupplierMaster,high
EXT_ORA_TaxRate,medium
EXT_ORA_VendorContract,medium
EXT_SQL_Cities,medium
EXT_SQL_CreditNotes,medium
EXT_SQL_CustomerSegments,medium
EXT_SQL_CustomerTransactions,high
EXT_SQL_InvoiceLines,high
EXT_SQL_Invoices,high
EXT_SQL_LoyaltyLedger,medium
EXT_SQL_OrderLines,high
EXT_SQL_Orders,high
EXT_SQL_PaymentMethods,low
EXT_SQL_People,medium
EXT_SQL_Promotions,medium
EXT_SQL_Returns,medium
EXT_SQL_SalesTerritories,medium
EXT_SQL_ShipmentLines,high
EXT_SQL_Shipments,high
EXT_SQL_StockItems,high
EXT_SQL_StockMovements,high
EXT_SQL_StockTransfers,medium
EXT_SQL_SupplierTransactions,medium
EXT_SQL_TransactionTypes,low
EXT_SQL_WebSessions,low
FACT_APAC_Load_Sale,high
FACT_Apply_Corrections,high
FACT_Dedup_Sale,medium
FACT_EU_Load_Sale,high
FACT_Load_CreditNote,high
FACT_Load_CustomerTransaction,high
FACT_Load_DailyInventorySnapshot,medium
FACT_Load_DailySalesSnapshot,medium
FACT_Load_GLPosting,high
FACT_Load_LoyaltyPoints,high
FACT_Load_Movement,high
FACT_Load_Order,high
FACT_Load_OrderFulfilment,medium
FACT_Load_Payment,high
FACT_Load_Purchase,high
FACT_Load_PurchaseReceipt,high
FACT_Load_Return,high
FACT_Load_Shipment,medium
FACT_Load_StockHolding,medium
FACT_Load_SupplierPayment,high
FACT_Load_SupplierTransaction,high
FACT_Load_Transaction,high
FACT_Load_WebSession,high
FACT_NA_Load_Sale,high
FIN_Close_PeriodLock,high
FIN_Currency_Revaluation,high
FIN_Load_ApAging,high
FIN_Load_CostAllocation,high
FIN_Load_GlPostings,high
FIN_Load_WithholdingTax,high
FIN_Reconcile_SubledgerToGl,high
ING_FILE_CarrierScan,medium
ING_FILE_FxOverride,medium
ING_FILE_PartnerSales_APAC,low
ING_FILE_PartnerSales_EU,low
ING_FILE_PartnerSales_NA,low
ING_FILE_QuarantineMalformed,medium
ING_FILE_SupplierCatalog,medium
INV_Load_CycleCountVariance,medium
INV_Load_DailySnapshot,medium
INV_Load_Replenishment,medium
INV_Load_StockTransfer,medium
INV_Reconcile_OnHand,medium
MNT_Archive_ProcessedFiles,low
MNT_Check_DiskSpace,low
MNT_Purge_ControlHistory,low
MNT_Purge_StagingHistory,low
MNT_Rebuild_Indexes,low
MNT_Update_Statistics,low
MNT_Validate_Configuration,low
Master_Customer_Sync,high
Master_Daily_ETL,high
Master_File_Ingestion,high
Master_Finance_Close,high
Master_Hourly_Incremental,high
Master_Intraday_Inventory,high
Master_Month_End,high
Master_Weekly_Maintenance,high
Master_Weekly_Reference_Load,high
PRC_Export_SupplierStatement,medium
PRC_Load_ContractCompliance,medium
PRC_Load_PurchaseSpend,medium
PRC_Load_ReceiptMatching,medium
PRC_Load_SupplierScorecard,medium
REF_Load_Carrier,medium
REF_Load_CodeTranslation,medium
REF_Load_CostCenter,medium
REF_Load_Currency,medium
REF_Load_DateDimension,high
REF_Load_Geography,medium
REF_Load_LoyaltyTier,medium
REF_Load_PaymentMethod,medium
REF_Load_PaymentTerms,medium
REF_Load_ReturnReason,medium
REF_Load_SalesChannel,medium
REF_Load_TransactionType,medium
REF_Load_UnknownMembers,high
REF_Load_WarehouseSite,medium
SLS_APAC_Load_Commission,medium
SLS_EU_Load_Commission,medium
SLS_Export_PartnerFeed,medium
SLS_Load_PromotionRedemption,medium
SLS_Load_QuotaAttainment,medium
SLS_NA_Load_Commission,medium
STG_Load_ApInvoice,high
STG_Load_CostCenter,medium
STG_Load_Currency,medium
STG_Load_Customer,medium
STG_Load_CustomerAddress,medium
STG_Load_Employee,medium
STG_Load_Geography,medium
STG_Load_GlJournal,high
STG_Load_LoyaltyLedger,high
STG_Load_Order,high
STG_Load_PartnerSale,high
STG_Load_Payment,high
STG_Load_Product,medium
STG_Load_PromotionAndTerritory,medium
STG_Load_PurchaseOrder,high
STG_Load_ReturnAndCredit,high
STG_Load_Sale,high
STG_Load_Shipment,high
STG_Load_StockItem,medium
STG_Load_StockMovement,high
STG_Load_Supplier,medium
STG_Load_TaxAndTerms,medium
STG_Load_VendorContract,medium
STG_Load_WebSession,high
STG_Work_CustomerDedup,medium
STG_Work_InventoryPosition,medium
STG_Work_PaymentMatch,medium
STG_Work_ProductCrosswalk,medium
